zone_id,traffic_density,average_speed,road_type,road_condition,weather,vehicle_type,accident_time,dataset_source
Zone_4_Rockfort,High,24.0,Local,Fair,Clear,Two-Wheeler,0,synthetic_trichyguard_not_real_stats
Zone_3_ThillaiNagar,Medium,44.1,Arterial,Fair,Clear,Car,10,synthetic_trichyguard_not_real_stats
Zone_5_Ariyamangalam,Low,55.7,Highway,Fair,Clear,Truck,17,synthetic_trichyguard_not_real_stats
Zone_2_Cantonment,Medium,52.3,Arterial,Fair,Foggy,Two-Wheeler,6,synthetic_trichyguard_not_real_stats
Zone_4_Rockfort,High,35.0,Arterial,Fair,Rainy,Two-Wheeler,1,synthetic_trichyguard_not_real_stats
Zone_4_Rockfort,High,23.3,Arterial,Fair,Clear,Two-Wheeler,16,synthetic_trichyguard_not_real_stats
Zone_5_Ariyamangalam,Low,58.8,Arterial,Poor,Rainy,Two-Wheeler,16,synthetic_trichyguard_not_real_stats
Zone_5_Ariyamangalam,Low,52.9,Highway,Good,Clear,Bus,12,synthetic_trichyguard_not_real_stats
Zone_2_Cantonment,Medium,45.9,Arterial,Good,Clear,Car,16,synthetic_trichyguard_not_real_stats
Zone_3_ThillaiNagar,High,18.8,Highway,Poor,Rainy,Car,18,synthetic_trichyguard_not_real_stats
Zone_1_Srirangam,Low,24.2,Local,Good,Rainy,Truck,20,synthetic_trichyguard_not_real_stats
Zone_1_Srirangam,Low,37.1,Arterial,Poor,Clear,Two-Wheeler,7,synthetic_trichyguard_not_real_stats
Zone_4_Rockfort,Low,28.3,Arterial,Poor,Clear,Two-Wheeler,11,synthetic_trichyguard_not_real_stats
Zone_5_Ariyamangalam,Medium,41.6,Highway,Good,Foggy,Car,20,synthetic_trichyguard_not_real_stats
Zone_4_Rockfort,High,39.5,Local,Fair,Clear,Bus,23,synthetic_trichyguard_not_real_stats
Zone_2_Cantonment,High,46.3,Local,Good,Clear,Two-Wheeler,2,synthetic_trichyguard_not_real_stats
Zone_4_Rockfort,Medium,29.9,Arterial,Poor,Clear,Two-Wheeler,3,synthetic_trichyguard_not_real_stats
Zone_3_ThillaiNagar,Medium,43.2,Local,Good,Clear,Two-Wheeler,21,synthetic_trichyguard_not_real_stats
Zone_3_ThillaiNagar,Medium,26.2,Arterial,Good,Clear,Two-Wheeler,12,synthetic_trichyguard_not_real_stats
Zone_1_Srirangam,High,35.3,Local,Fair,Clear,Auto-Rickshaw,21,synthetic_trichyguard_not_real_stats
Zone_2_Cantonment,High,29.8,Arterial,Good,Clear,Two-Wheeler,12,synthetic_trichyguard_not_real_stats
Zone_5_Ariyamangalam,Medium,55.8,Arterial,Good,Clear,Truck,18,synthetic_trichyguard_not_real_stats
Zone_1_Srirangam,Medium,37.6,Local,Good,Clear,Two-Wheeler,14,synthetic_trichyguard_not_real_stats
Zone_4_Rockfort,Medium,27.5,Arterial,Fair,Clear,Two-Wheeler,3,synthetic_trichyguard_not_real_stats
Zone_4_Rockfort,High,17.0,Local,Good,Clear,Two-Wheeler,17,synthetic_trichyguard_not_real_stats
Zone_3_ThillaiNagar,High,36.6,Arterial,Poor,Foggy,Bus,19,synthetic_trichyguard_not_real_stats
Zone_4_Rockfort,High,33.1,Local,Good,Clear,Two-Wheeler,21,synthetic_trichyguard_not_real_stats
Zone_5_Ariyamangalam,Medium,58.1,Arterial,Fair,Rainy,Bus,5,synthetic_trichyguard_not_real_stats
Zone_3_ThillaiNagar,Medium,40.7,Arterial,Poor,Clear,Two-Wheeler,18,synthetic_trichyguard_not_real_stats
Zone_1_Srirangam,Low,28.6,Arterial,Fair,Clear,Car,17,synthetic_trichyguard_not_real_stats
Zone_5_Ariyamangalam,Low,32.2,Local,Fair,Rainy,Truck,16,synthetic_trichyguard_not_real_stats
Zone_3_ThillaiNagar,High,30.2,Local,Good,Clear,Car,0,synthetic_trichyguard_not_real_stats
Zone_3_ThillaiNagar,Medium,27.6,Arterial,Good,Clear,Car,16,synthetic_trichyguard_not_real_stats
Zone_4_Rockfort,Medium,29.1,Arterial,Good,Rainy,Two-Wheeler,0,synthetic_trichyguard_not_real_stats
Zone_1_Srirangam,Low,30.3,Arterial,Good,Clear,Bus,3,synthetic_trichyguard_not_real_stats
Zone_2_Cantonment,Medium,25.6,Arterial,Fair,Clear,Two-Wheeler,14,synthetic_trichyguard_not_real_stats
Zone_3_ThillaiNagar,Low,26.9,Arterial,Fair,Clear,Car,19,synthetic_trichyguard_not_real_stats
Zone_5_Ariyamangalam,Medium,35.3,Highway,Fair,Rainy,Two-Wheeler,16,synthetic_trichyguard_not_real_stats
Zone_4_Rockfort,Medium,21.0,Local,Good,Clear,Auto-Rickshaw,19,synthetic_trichyguard_not_real_stats
Zone_4_Rockfort,Medium,27.8,Highway,Good,Clear,Auto-Rickshaw,19,synthetic_trichyguard_not_real_stats
Zone_1_Srirangam,Low,19.8,Arterial,Fair,Clear,Two-Wheeler,7,synthetic_trichyguard_not_real_stats
Zone_5_Ariyamangalam,Low,51.3,Arterial,Good,Clear,Two-Wheeler,0,synthetic_trichyguard_not_real_stats
Zone_4_Rockfort,High,29.1,Arterial,Good,Clear,Two-Wheeler,19,synthetic_trichyguard_not_real_stats
Zone_5_Ariyamangalam,High,54.9,Local,Poor,Clear,Two-Wheeler,7,synthetic_trichyguard_not_real_stats
Zone_4_Rockfort,Medium,26.5,Local,Poor,Clear,Two-Wheeler,14,synthetic_trichyguard_not_real_stats
Zone_2_Cantonment,Medium,55.3,Arterial,Good,Clear,Car,15,synthetic_trichyguard_not_real_stats
Zone_5_Ariyamangalam,Medium,42.2,Arterial,Good,Clear,Bus,4,synthetic_trichyguard_not_real_stats
Zone_5_Ariyamangalam,Low,58.5,Arterial,Fair,Rainy,Two-Wheeler,1,synthetic_trichyguard_not_real_stats
Zone_3_ThillaiNagar,High,24.0,Local,Good,Clear,Two-Wheeler,12,synthetic_trichyguard_not_real_stats
Zone_5_Ariyamangalam,High,21.8,Local,Fair,Clear,Bus,14,synthetic_trichyguard_not_real_stats
Zone_4_Rockfort,High,29.3,Highway,Fair,Clear,Auto-Rickshaw,14,synthetic_trichyguard_not_real_stats
Zone_3_ThillaiNagar,Medium,26.9,Highway,Good,Clear,Two-Wheeler,17,synthetic_trichyguard_not_real_stats
Zone_3_ThillaiNagar,High,30.1,Arterial,Good,Rainy,Bus,20,synthetic_trichyguard_not_real_stats
Zone_5_Ariyamangalam,High,65.5,Arterial,Fair,Clear,Bus,1,synthetic_trichyguard_not_real_stats
Zone_3_ThillaiNagar,High,22.6,Local,Good,Foggy,Two-Wheeler,13,synthetic_trichyguard_not_real_stats
Zone_5_Ariyamangalam,Low,46.3,Arterial,Good,Clear,Truck,15,synthetic_trichyguard_not_real_stats
Zone_5_Ariyamangalam,Low,57.0,Local,Poor,Clear,Two-Wheeler,23,synthetic_trichyguard_not_real_stats
Zone_3_ThillaiNagar,Low,22.5,Arterial,Fair,Rainy,Two-Wheeler,20,synthetic_trichyguard_not_real_stats
Zone_4_Rockfort,Medium,25.6,Arterial,Poor,Clear,Car,17,synthetic_trichyguard_not_real_stats
Zone_3_ThillaiNagar,High,32.2,Arterial,Poor,Rainy,Two-Wheeler,8,synthetic_trichyguard_not_real_stats
Zone_1_Srirangam,Medium,44.0,Local,Fair,Clear,Car,17,synthetic_trichyguard_not_real_stats
Zone_5_Ariyamangalam,Medium,59.3,Highway,Good,Clear,Two-Wheeler,9,synthetic_trichyguard_not_real_stats
Zone_2_Cantonment,High,37.5,Arterial,Good,Clear,Car,12,synthetic_trichyguard_not_real_stats
Zone_2_Cantonment,High,18.3,Arterial,Fair,Clear,Car,0,synthetic_trichyguard_not_real_stats
Zone_2_Cantonment,Low,36.2,Arterial,Fair,Clear,Car,7,synthetic_trichyguard_not_real_stats
Zone_2_Cantonment,Medium,37.6,Local,Good,Rainy,Car,15,synthetic_trichyguard_not_real_stats
Zone_5_Ariyamangalam,High,57.0,Arterial,Fair,Clear,Truck,1,synthetic_trichyguard_not_real_stats
Zone_5_Ariyamangalam,Medium,60.9,Local,Good,Clear,Car,9,synthetic_trichyguard_not_real_stats
Zone_3_ThillaiNagar,High,27.5,Local,Good,Clear,Two-Wheeler,17,synthetic_trichyguard_not_real_stats
Zone_3_ThillaiNagar,Medium,27.5,Arterial,Poor,Clear,Two-Wheeler,16,synthetic_trichyguard_not_real_stats
Zone_2_Cantonment,Medium,56.0,Local,Good,Clear,Two-Wheeler,19,synthetic_trichyguard_not_real_stats
Zone_5_Ariyamangalam,Low,40.9,Highway,Good,Clear,Two-Wheeler,9,synthetic_trichyguard_not_real_stats
Zone_3_ThillaiNagar,High,26.8,Local,Fair,Clear,Auto-Rickshaw,1,synthetic_trichyguard_not_real_stats
Zone_3_ThillaiNagar,High,32.3,Arterial,Good,Rainy,Auto-Rickshaw,7,synthetic_trichyguard_not_real_stats
Zone_3_ThillaiNagar,Medium,20.2,Arterial,Good,Rainy,Two-Wheeler,4,synthetic_trichyguard_not_real_stats
Zone_5_Ariyamangalam,Medium,37.4,Arterial,Good,Clear,Car,10,synthetic_trichyguard_not_real_stats
Zone_1_Srirangam,Medium,22.9,Arterial,Good,Clear,Truck,16,synthetic_trichyguard_not_real_stats
Zone_2_Cantonment,High,27.4,Arterial,Good,Clear,Two-Wheeler,4,synthetic_trichyguard_not_real_stats
Zone_3_ThillaiNagar,High,50.8,Local,Fair,Clear,Car,21,synthetic_trichyguard_not_real_stats
Zone_3_ThillaiNagar,Medium,27.8,Arterial,Fair,Clear,Two-Wheeler,1,synthetic_trichyguard_not_real_stats
Zone_2_Cantonment,Low,58.8,Highway,Poor,Clear,Two-Wheeler,8,synthetic_trichyguard_not_real_stats
Zone_5_Ariyamangalam,High,63.6,Highway,Fair,Clear,Car,19,synthetic_trichyguard_not_real_stats
Zone_4_Rockfort,High,27.3,Local,Good,Rainy,Two-Wheeler,0,synthetic_trichyguard_not_real_stats
Zone_2_Cantonment,Medium,31.2,Arterial,Good,Rainy,Two-Wheeler,8,synthetic_trichyguard_not_real_stats
Zone_2_Cantonment,High,58.7,Arterial,Good,Rainy,Car,23,synthetic_trichyguard_not_real_stats
Zone_4_Rockfort,Medium,29.7,Local,Poor,Clear,Two-Wheeler,17,synthetic_trichyguard_not_real_stats
Zone_4_Rockfort,Medium,21.8,Local,Fair,Rainy,Two-Wheeler,2,synthetic_trichyguard_not_real_stats
Zone_2_Cantonment,Medium,39.6,Local,Good,Rainy,Two-Wheeler,17,synthetic_trichyguard_not_real_stats
Zone_3_ThillaiNagar,High,26.3,Local,Poor,Clear,Auto-Rickshaw,19,synthetic_trichyguard_not_real_stats
Zone_4_Rockfort,High,26.1,Arterial,Good,Clear,Two-Wheeler,12,synthetic_trichyguard_not_real_stats
Zone_1_Srirangam,High,32.3,Arterial,Poor,Foggy,Car,8,synthetic_trichyguard_not_real_stats
Zone_1_Srirangam,High,44.0,Arterial,Fair,Rainy,Two-Wheeler,12,synthetic_trichyguard_not_real_stats
Zone_2_Cantonment,Medium,57.0,Highway,Good,Clear,Two-Wheeler,5,synthetic_trichyguard_not_real_stats
Zone_3_ThillaiNagar,Medium,12.4,Arterial,Poor,Clear,Auto-Rickshaw,18,synthetic_trichyguard_not_real_stats
Zone_4_Rockfort,High,26.9,Local,Fair,Clear,Car,9,synthetic_trichyguard_not_real_stats
Zone_2_Cantonment,High,30.9,Highway,Fair,Clear,Car,6,synthetic_trichyguard_not_real_stats
Zone_4_Rockfort,Medium,18.8,Local,Poor,Clear,Two-Wheeler,9,synthetic_trichyguard_not_real_stats
Zone_1_Srirangam,Low,36.8,Arterial,Fair,Clear,Car,6,synthetic_trichyguard_not_real_stats
Zone_3_ThillaiNagar,High,33.0,Local,Good,Clear,Car,22,synthetic_trichyguard_not_real_stats
Zone_1_Srirangam,Low,29.8,Highway,Good,Rainy,Two-Wheeler,7,synthetic_trichyguard_not_real_stats
Zone_5_Ariyamangalam,Low,42.8,Local,Fair,Clear,Bus,8,synthetic_trichyguard_not_real_stats
Zone_1_Srirangam,Medium,36.5,Local,Fair,Clear,Two-Wheeler,8,synthetic_trichyguard_not_real_stats
Zone_4_Rockfort,Medium,23.1,Arterial,Fair,Clear,Two-Wheeler,7,synthetic_trichyguard_not_real_stats
Zone_5_Ariyamangalam,Medium,57.1,Arterial,Fair,Clear,Bus,21,synthetic_trichyguard_not_real_stats
Zone_1_Srirangam,Low,36.8,Local,Good,Rainy,Two-Wheeler,14,synthetic_trichyguard_not_real_stats
Zone_5_Ariyamangalam,High,43.1,Arterial,Good,Rainy,Two-Wheeler,21,synthetic_trichyguard_not_real_stats
Zone_1_Srirangam,High,28.0,Arterial,Fair,Rainy,Two-Wheeler,0,synthetic_trichyguard_not_real_stats
Zone_3_ThillaiNagar,High,35.1,Arterial,Good,Clear,Two-Wheeler,15,synthetic_trichyguard_not_real_stats
Zone_1_Srirangam,Medium,19.0,Highway,Poor,Rainy,Two-Wheeler,9,synthetic_trichyguard_not_real_stats
Zone_1_Srirangam,Low,26.7,Arterial,Poor,Clear,Two-Wheeler,5,synthetic_trichyguard_not_real_stats
Zone_1_Srirangam,Low,46.2,Arterial,Good,Clear,Two-Wheeler,6,synthetic_trichyguard_not_real_stats
Zone_3_ThillaiNagar,Low,27.3,Arterial,Fair,Clear,Two-Wheeler,9,synthetic_trichyguard_not_real_stats
Zone_3_ThillaiNagar,Medium,20.8,Arterial,Fair,Clear,Two-Wheeler,1,synthetic_trichyguard_not_real_stats
Zone_1_Srirangam,Low,28.4,Local,Poor,Clear,Two-Wheeler,9,synthetic_trichyguard_not_real_stats
Zone_4_Rockfort,Medium,39.7,Highway,Poor,Rainy,Car,3,synthetic_trichyguard_not_real_stats
Zone_3_ThillaiNagar,High,33.6,Arterial,Poor,Clear,Car,7,synthetic_trichyguard_not_real_stats
Zone_5_Ariyamangalam,Low,73.4,Arterial,Fair,Clear,Bus,20,synthetic_trichyguard_not_real_stats
Zone_5_Ariyamangalam,Medium,70.8,Highway,Poor,Rainy,Auto-Rickshaw,23,synthetic_trichyguard_not_real_stats
Zone_4_Rockfort,High,36.9,Local,Good,Clear,Two-Wheeler,6,synthetic_trichyguard_not_real_stats
Zone_1_Srirangam,High,32.1,Arterial,Good,Clear,Auto-Rickshaw,21,synthetic_trichyguard_not_real_stats
Zone_3_ThillaiNagar,High,39.7,Arterial,Good,Clear,Auto-Rickshaw,23,synthetic_trichyguard_not_real_stats
Zone_4_Rockfort,Low,21.9,Local,Fair,Clear,Bus,20,synthetic_trichyguard_not_real_stats
Zone_1_Srirangam,Low,45.9,Arterial,Good,Clear,Auto-Rickshaw,7,synthetic_trichyguard_not_real_stats
Zone_2_Cantonment,Medium,16.5,Arterial,Fair,Rainy,Two-Wheeler,17,synthetic_trichyguard_not_real_stats
Zone_5_Ariyamangalam,High,59.2,Local,Poor,Clear,Two-Wheeler,9,synthetic_trichyguard_not_real_stats
Zone_4_Rockfort,Medium,20.0,Highway,Poor,Clear,Two-Wheeler,7,synthetic_trichyguard_not_real_stats
Zone_3_ThillaiNagar,Medium,19.7,Local,Fair,Clear,Auto-Rickshaw,18,synthetic_trichyguard_not_real_stats
Zone_2_Cantonment,High,38.1,Highway,Good,Clear,Car,5,synthetic_trichyguard_not_real_stats
Zone_2_Cantonment,High,51.9,Arterial,Fair,Clear,Two-Wheeler,7,synthetic_trichyguard_not_real_stats
Zone_2_Cantonment,Medium,35.3,Highway,Fair,Clear,Car,5,synthetic_trichyguard_not_real_stats
Zone_1_Srirangam,High,27.2,Local,Fair,Clear,Two-Wheeler,6,synthetic_trichyguard_not_real_stats
Zone_5_Ariyamangalam,Medium,45.5,Local,Good,Clear,Two-Wheeler,20,synthetic_trichyguard_not_real_stats
Zone_3_ThillaiNagar,High,27.7,Local,Good,Rainy,Car,20,synthetic_trichyguard_not_real_stats
Zone_3_ThillaiNagar,High,30.8,Arterial,Good,Rainy,Car,12,synthetic_trichyguard_not_real_stats
Zone_1_Srirangam,Low,26.8,Highway,Fair,Clear,Car,1,synthetic_trichyguard_not_real_stats
Zone_4_Rockfort,Medium,31.3,Local,Good,Clear,Two-Wheeler,12,synthetic_trichyguard_not_real_stats
Zone_1_Srirangam,High,26.9,Local,Fair,Rainy,Car,23,synthetic_trichyguard_not_real_stats
Zone_1_Srirangam,Medium,35.3,Arterial,Good,Clear,Car,7,synthetic_trichyguard_not_real_stats
Zone_1_Srirangam,Medium,34.2,Local,Good,Clear,Two-Wheeler,9,synthetic_trichyguard_not_real_stats
Zone_2_Cantonment,Medium,30.2,Highway,Fair,Clear,Car,20,synthetic_trichyguard_not_real_stats
Zone_2_Cantonment,High,30.9,Arterial,Fair,Clear,Car,16,synthetic_trichyguard_not_real_stats
Zone_2_Cantonment,High,44.2,Arterial,Good,Clear,Bus,16,synthetic_trichyguard_not_real_stats
Zone_1_Srirangam,Low,40.0,Local,Good,Clear,Two-Wheeler,20,synthetic_trichyguard_not_real_stats
Zone_2_Cantonment,Medium,51.5,Local,Fair,Clear,Two-Wheeler,17,synthetic_trichyguard_not_real_stats
Zone_1_Srirangam,Medium,34.6,Local,Poor,Foggy,Two-Wheeler,8,synthetic_trichyguard_not_real_stats
Zone_5_Ariyamangalam,High,44.3,Arterial,Poor,Clear,Car,16,synthetic_trichyguard_not_real_stats
Zone_2_Cantonment,Medium,49.6,Highway,Good,Clear,Car,2,synthetic_trichyguard_not_real_stats
Zone_4_Rockfort,High,36.9,Local,Fair,Clear,Two-Wheeler,2,synthetic_trichyguard_not_real_stats
Zone_5_Ariyamangalam,Low,42.3,Arterial,Good,Foggy,Two-Wheeler,0,synthetic_trichyguard_not_real_stats
Zone_3_ThillaiNagar,High,37.7,Arterial,Good,Rainy,Two-Wheeler,16,synthetic_trichyguard_not_real_stats
Zone_4_Rockfort,High,29.6,Arterial,Poor,Clear,Car,1,synthetic_trichyguard_not_real_stats
Zone_4_Rockfort,High,27.9,Local,Fair,Clear,Two-Wheeler,21,synthetic_trichyguard_not_real_stats
Zone_2_Cantonment,High,33.6,Arterial,Fair,Clear,Truck,12,synthetic_trichyguard_not_real_stats
Zone_2_Cantonment,High,21.2,Arterial,Poor,Clear,Car,7,synthetic_trichyguard_not_real_stats
Zone_1_Srirangam,Medium,36.6,Arterial,Fair,Clear,Two-Wheeler,13,synthetic_trichyguard_not_real_stats
Zone_3_ThillaiNagar,Medium,23.9,Local,Poor,Clear,Car,6,synthetic_trichyguard_not_real_stats
Zone_4_Rockfort,High,28.1,Local,Good,Clear,Two-Wheeler,16,synthetic_trichyguard_not_real_stats
Zone_2_Cantonment,High,56.7,Arterial,Poor,Clear,Two-Wheeler,23,synthetic_trichyguard_not_real_stats
Zone_4_Rockfort,Low,29.8,Local,Good,Clear,Car,20,synthetic_trichyguard_not_real_stats
Zone_4_Rockfort,High,24.2,Local,Good,Clear,Car,22,synthetic_trichyguard_not_real_stats
Zone_1_Srirangam,Low,40.6,Arterial,Poor,Clear,Two-Wheeler,8,synthetic_trichyguard_not_real_stats
Zone_5_Ariyamangalam,Low,42.9,Arterial,Fair,Clear,Truck,15,synthetic_trichyguard_not_real_stats
Zone_1_Srirangam,Low,39.9,Arterial,Fair,Clear,Two-Wheeler,11,synthetic_trichyguard_not_real_stats
Zone_4_Rockfort,High,30.8,Arterial,Poor,Clear,Two-Wheeler,5,synthetic_trichyguard_not_real_stats
Zone_5_Ariyamangalam,Low,80.0,Local,Good,Clear,Car,12,synthetic_trichyguard_not_real_stats
Zone_5_Ariyamangalam,Medium,45.9,Highway,Good,Rainy,Car,6,synthetic_trichyguard_not_real_stats
Zone_3_ThillaiNagar,High,33.4,Arterial,Poor,Clear,Car,0,synthetic_trichyguard_not_real_stats
Zone_2_Cantonment,Low,53.9,Arterial,Fair,Clear,Auto-Rickshaw,14,synthetic_trichyguard_not_real_stats
Zone_5_Ariyamangalam,Low,46.3,Local,Poor,Clear,Car,2,synthetic_trichyguard_not_real_stats
Zone_5_Ariyamangalam,Medium,48.9,Local,Fair,Clear,Two-Wheeler,4,synthetic_trichyguard_not_real_stats
Zone_2_Cantonment,High,38.3,Highway,Fair,Clear,Bus,16,synthetic_trichyguard_not_real_stats
Zone_3_ThillaiNagar,Medium,22.9,Local,Good,Clear,Auto-Rickshaw,7,synthetic_trichyguard_not_real_stats
Zone_5_Ariyamangalam,High,67.4,Highway,Poor,Foggy,Bus,4,synthetic_trichyguard_not_real_stats
Zone_3_ThillaiNagar,Medium,32.7,Arterial,Fair,Clear,Two-Wheeler,13,synthetic_trichyguard_not_real_stats
Zone_3_ThillaiNagar,High,42.9,Local,Good,Foggy,Two-Wheeler,22,synthetic_trichyguard_not_real_stats
Zone_5_Ariyamangalam,Low,65.4,Highway,Good,Clear,Two-Wheeler,1,synthetic_trichyguard_not_real_stats
Zone_2_Cantonment,Medium,22.2,Highway,Good,Clear,Car,21,synthetic_trichyguard_not_real_stats
Zone_3_ThillaiNagar,High,24.4,Local,Fair,Clear,Two-Wheeler,20,synthetic_trichyguard_not_real_stats
Zone_2_Cantonment,Low,28.7,Arterial,Good,Clear,Two-Wheeler,10,synthetic_trichyguard_not_real_stats
Zone_4_Rockfort,Low,31.2,Local,Good,Clear,Car,12,synthetic_trichyguard_not_real_stats
Zone_5_Ariyamangalam,High,62.9,Arterial,Fair,Clear,Car,21,synthetic_trichyguard_not_real_stats
Zone_1_Srirangam,Low,28.5,Highway,Fair,Clear,Two-Wheeler,4,synthetic_trichyguard_not_real_stats
Zone_5_Ariyamangalam,Medium,54.7,Highway,Good,Clear,Car,17,synthetic_trichyguard_not_real_stats
Zone_2_Cantonment,High,37.8,Arterial,Good,Clear,Two-Wheeler,14,synthetic_trichyguard_not_real_stats
Zone_5_Ariyamangalam,Low,66.9,Arterial,Good,Clear,Truck,16,synthetic_trichyguard_not_real_stats
Zone_4_Rockfort,Medium,35.1,Local,Poor,Clear,Bus,0,synthetic_trichyguard_not_real_stats
Zone_3_ThillaiNagar,High,10.0,Local,Good,Clear,Car,16,synthetic_trichyguard_not_real_stats
Zone_1_Srirangam,Low,44.2,Highway,Fair,Clear,Two-Wheeler,2,synthetic_trichyguard_not_real_stats
Zone_2_Cantonment,High,32.6,Arterial,Good,Clear,Car,12,synthetic_trichyguard_not_real_stats
Zone_2_Cantonment,Medium,28.8,Arterial,Fair,Clear,Two-Wheeler,0,synthetic_trichyguard_not_real_stats
Zone_1_Srirangam,Low,32.3,Arterial,Fair,Foggy,Auto-Rickshaw,16,synthetic_trichyguard_not_real_stats
Zone_5_Ariyamangalam,Medium,51.5,Highway,Good,Rainy,Two-Wheeler,4,synthetic_trichyguard_not_real_stats
Zone_1_Srirangam,Medium,34.8,Local,Good,Clear,Bus,12,synthetic_trichyguard_not_real_stats
Zone_2_Cantonment,Medium,35.4,Arterial,Good,Clear,Two-Wheeler,13,synthetic_trichyguard_not_real_stats
Zone_5_Ariyamangalam,Medium,44.5,Highway,Good,Clear,Two-Wheeler,10,synthetic_trichyguard_not_real_stats
Zone_2_Cantonment,High,34.3,Arterial,Fair,Clear,Car,19,synthetic_trichyguard_not_real_stats
Zone_2_Cantonment,Medium,24.6,Highway,Fair,Clear,Car,14,synthetic_trichyguard_not_real_stats
Zone_4_Rockfort,Medium,25.1,Local,Poor,Clear,Auto-Rickshaw,11,synthetic_trichyguard_not_real_stats
Zone_3_ThillaiNagar,Medium,32.9,Local,Good,Rainy,Car,4,synthetic_trichyguard_not_real_stats
Zone_3_ThillaiNagar,High,15.7,Arterial,Good,Clear,Car,22,synthetic_trichyguard_not_real_stats
Zone_1_Srirangam,Medium,35.3,Local,Good,Clear,Two-Wheeler,3,synthetic_trichyguard_not_real_stats
Zone_5_Ariyamangalam,Medium,50.5,Highway,Good,Foggy,Two-Wheeler,5,synthetic_trichyguard_not_real_stats
Zone_2_Cantonment,High,31.6,Local,Fair,Clear,Two-Wheeler,12,synthetic_trichyguard_not_real_stats
Zone_3_ThillaiNagar,High,28.0,Arterial,Good,Clear,Two-Wheeler,19,synthetic_trichyguard_not_real_stats
Zone_1_Srirangam,Low,37.4,Arterial,Fair,Clear,Car,21,synthetic_trichyguard_not_real_stats
Zone_5_Ariyamangalam,Low,51.8,Local,Good,Rainy,Two-Wheeler,15,synthetic_trichyguard_not_real_stats
Zone_5_Ariyamangalam,Low,53.8,Local,Poor,Clear,Car,8,synthetic_trichyguard_not_real_stats
Zone_5_Ariyamangalam,High,32.6,Arterial,Good,Rainy,Two-Wheeler,2,synthetic_trichyguard_not_real_stats
Zone_1_Srirangam,Low,30.9,Local,Good,Rainy,Two-Wheeler,6,synthetic_trichyguard_not_real_stats
Zone_2_Cantonment,Low,36.6,Arterial,Good,Rainy,Car,15,synthetic_trichyguard_not_real_stats
Zone_1_Srirangam,Low,22.3,Arterial,Poor,Foggy,Car,15,synthetic_trichyguard_not_real_stats
Zone_1_Srirangam,Low,32.5,Arterial,Poor,Rainy,Two-Wheeler,13,synthetic_trichyguard_not_real_stats
Zone_4_Rockfort,High,30.4,Arterial,Good,Clear,Car,11,synthetic_trichyguard_not_real_stats
Zone_4_Rockfort,High,23.1,Arterial,Poor,Clear,Two-Wheeler,0,synthetic_trichyguard_not_real_stats
Zone_5_Ariyamangalam,High,57.4,Highway,Good,Clear,Truck,15,synthetic_trichyguard_not_real_stats
Zone_4_Rockfort,Medium,24.4,Highway,Poor,Clear,Two-Wheeler,9,synthetic_trichyguard_not_real_stats
Zone_2_Cantonment,High,54.5,Highway,Fair,Clear,Two-Wheeler,8,synthetic_trichyguard_not_real_stats
Zone_2_Cantonment,Medium,37.5,Arterial,Fair,Clear,Two-Wheeler,4,synthetic_trichyguard_not_real_stats
Zone_4_Rockfort,High,28.9,Local,Good,Rainy,Two-Wheeler,12,synthetic_trichyguard_not_real_stats
Zone_3_ThillaiNagar,High,28.7,Local,Good,Clear,Two-Wheeler,20,synthetic_trichyguard_not_real_stats
Zone_5_Ariyamangalam,Medium,29.1,Highway,Fair,Clear,Truck,23,synthetic_trichyguard_not_real_stats
Zone_5_Ariyamangalam,Medium,55.8,Local,Good,Rainy,Two-Wheeler,13,synthetic_trichyguard_not_real_stats
Zone_5_Ariyamangalam,High,47.7,Arterial,Fair,Clear,Truck,9,synthetic_trichyguard_not_real_stats
Zone_5_Ariyamangalam,Low,47.1,Arterial,Fair,Clear,Truck,16,synthetic_trichyguard_not_real_stats
Zone_2_Cantonment,Medium,44.1,Arterial,Good,Clear,Auto-Rickshaw,23,synthetic_trichyguard_not_real_stats
Zone_2_Cantonment,High,26.8,Arterial,Good,Clear,Car,1,synthetic_trichyguard_not_real_stats
Zone_5_Ariyamangalam,Low,41.8,Local,Good,Clear,Car,20,synthetic_trichyguard_not_real_stats
Zone_3_ThillaiNagar,Low,20.6,Local,Good,Clear,Car,1,synthetic_trichyguard_not_real_stats
Zone_1_Srirangam,Medium,32.6,Local,Fair,Clear,Truck,7,synthetic_trichyguard_not_real_stats
Zone_5_Ariyamangalam,Medium,59.2,Local,Poor,Foggy,Bus,7,synthetic_trichyguard_not_real_stats
Zone_2_Cantonment,High,41.8,Highway,Fair,Clear,Car,10,synthetic_trichyguard_not_real_stats
Zone_2_Cantonment,High,22.7,Highway,Good,Clear,Truck,22,synthetic_trichyguard_not_real_stats
Zone_1_Srirangam,Medium,28.5,Local,Poor,Foggy,Auto-Rickshaw,17,synthetic_trichyguard_not_real_stats
Zone_1_Srirangam,Medium,35.1,Arterial,Fair,Clear,Car,5,synthetic_trichyguard_not_real_stats
Zone_3_ThillaiNagar,High,29.6,Local,Good,Clear,Two-Wheeler,10,synthetic_trichyguard_not_real_stats
Zone_2_Cantonment,Medium,34.7,Local,Good,Clear,Two-Wheeler,9,synthetic_trichyguard_not_real_stats
Zone_1_Srirangam,Medium,26.6,Arterial,Good,Rainy,Car,1,synthetic_trichyguard_not_real_stats
Zone_2_Cantonment,Medium,44.1,Arterial,Poor,Clear,Car,5,synthetic_trichyguard_not_real_stats
Zone_3_ThillaiNagar,High,26.0,Arterial,Fair,Rainy,Auto-Rickshaw,19,synthetic_trichyguard_not_real_stats
Zone_2_Cantonment,High,22.7,Highway,Poor,Clear,Two-Wheeler,23,synthetic_trichyguard_not_real_stats
Zone_4_Rockfort,High,28.7,Local,Poor,Clear,Car,20,synthetic_trichyguard_not_real_stats
Zone_1_Srirangam,Medium,34.9,Arterial,Poor,Clear,Car,3,synthetic_trichyguard_not_real_stats
Zone_1_Srirangam,Medium,31.9,Arterial,Good,Clear,Two-Wheeler,21,synthetic_trichyguard_not_real_stats
Zone_3_ThillaiNagar,High,22.2,Highway,Poor,Rainy,Two-Wheeler,13,synthetic_trichyguard_not_real_stats
Zone_3_ThillaiNagar,High,21.4,Arterial,Fair,Rainy,Auto-Rickshaw,16,synthetic_trichyguard_not_real_stats
Zone_3_ThillaiNagar,Medium,45.8,Arterial,Fair,Clear,Two-Wheeler,20,synthetic_trichyguard_not_real_stats
Zone_1_Srirangam,Low,25.3,Local,Good,Clear,Auto-Rickshaw,20,synthetic_trichyguard_not_real_stats
Zone_1_Srirangam,High,32.2,Highway,Good,Rainy,Two-Wheeler,10,synthetic_trichyguard_not_real_stats
Zone_4_Rockfort,Medium,14.2,Arterial,Fair,Clear,Auto-Rickshaw,15,synthetic_trichyguard_not_real_stats
Zone_1_Srirangam,Low,32.3,Arterial,Poor,Clear,Auto-Rickshaw,6,synthetic_trichyguard_not_real_stats
Zone_2_Cantonment,High,47.0,Arterial,Good,Clear,Auto-Rickshaw,12,synthetic_trichyguard_not_real_stats
Zone_1_Srirangam,Medium,33.0,Arterial,Good,Clear,Two-Wheeler,6,synthetic_trichyguard_not_real_stats
Zone_1_Srirangam,Low,45.4,Local,Poor,Clear,Car,0,synthetic_trichyguard_not_real_stats
Zone_3_ThillaiNagar,High,35.7,Local,Good,Clear,Two-Wheeler,22,synthetic_trichyguard_not_real_stats
Zone_1_Srirangam,Low,20.9,Highway,Poor,Rainy,Two-Wheeler,6,synthetic_trichyguard_not_real_stats
Zone_4_Rockfort,High,18.4,Local,Fair,Foggy,Two-Wheeler,12,synthetic_trichyguard_not_real_stats
Zone_2_Cantonment,Medium,25.3,Arterial,Poor,Rainy,Auto-Rickshaw,6,synthetic_trichyguard_not_real_stats
Zone_4_Rockfort,High,34.8,Local,Fair,Foggy,Two-Wheeler,6,synthetic_trichyguard_not_real_stats
Zone_5_Ariyamangalam,Medium,50.5,Local,Good,Rainy,Bus,6,synthetic_trichyguard_not_real_stats
Zone_2_Cantonment,High,23.1,Arterial,Good,Foggy,Auto-Rickshaw,23,synthetic_trichyguard_not_real_stats
Zone_5_Ariyamangalam,High,30.9,Local,Poor,Clear,Two-Wheeler,18,synthetic_trichyguard_not_real_stats
Zone_1_Srirangam,Medium,27.8,Arterial,Fair,Clear,Two-Wheeler,3,synthetic_trichyguard_not_real_stats
Zone_3_ThillaiNagar,High,27.5,Arterial,Good,Clear,Car,9,synthetic_trichyguard_not_real_stats
Zone_4_Rockfort,High,29.8,Arterial,Fair,Clear,Bus,1,synthetic_trichyguard_not_real_stats
Zone_2_Cantonment,High,35.3,Arterial,Fair,Clear,Auto-Rickshaw,16,synthetic_trichyguard_not_real_stats
Zone_2_Cantonment,Medium,32.4,Arterial,Good,Rainy,Car,0,synthetic_trichyguard_not_real_stats
Zone_3_ThillaiNagar,High,21.0,Arterial,Fair,Clear,Two-Wheeler,4,synthetic_trichyguard_not_real_stats
Zone_4_Rockfort,Medium,13.9,Local,Good,Rainy,Two-Wheeler,11,synthetic_trichyguard_not_real_stats
Zone_3_ThillaiNagar,Medium,24.9,Arterial,Fair,Clear,Two-Wheeler,10,synthetic_trichyguard_not_real_stats
Zone_5_Ariyamangalam,High,45.0,Local,Good,Clear,Car,15,synthetic_trichyguard_not_real_stats
Zone_1_Srirangam,Low,18.0,Arterial,Good,Foggy,Car,9,synthetic_trichyguard_not_real_stats
Zone_5_Ariyamangalam,Low,71.8,Arterial,Fair,Clear,Auto-Rickshaw,2,synthetic_trichyguard_not_real_stats
Zone_3_ThillaiNagar,High,40.7,Arterial,Fair,Rainy,Two-Wheeler,14,synthetic_trichyguard_not_real_stats
Zone_2_Cantonment,High,49.4,Local,Good,Clear,Car,4,synthetic_trichyguard_not_real_stats
Zone_4_Rockfort,Low,21.1,Highway,Good,Clear,Two-Wheeler,7,synthetic_trichyguard_not_real_stats
Zone_2_Cantonment,Medium,45.6,Arterial,Good,Clear,Car,17,synthetic_trichyguard_not_real_stats
Zone_3_ThillaiNagar,High,30.5,Local,Fair,Clear,Car,19,synthetic_trichyguard_not_real_stats
Zone_3_ThillaiNagar,High,45.1,Arterial,Good,Clear,Car,6,synthetic_trichyguard_not_real_stats
Zone_2_Cantonment,High,58.0,Highway,Good,Foggy,Auto-Rickshaw,19,synthetic_trichyguard_not_real_stats
Zone_2_Cantonment,Low,41.8,Arterial,Good,Clear,Two-Wheeler,9,synthetic_trichyguard_not_real_stats
Zone_2_Cantonment,High,39.2,Arterial,Fair,Clear,Car,19,synthetic_trichyguard_not_real_stats
Zone_4_Rockfort,Medium,38.2,Arterial,Poor,Clear,Car,9,synthetic_trichyguard_not_real_stats
Zone_1_Srirangam,Medium,39.9,Local,Fair,Clear,Two-Wheeler,3,synthetic_trichyguard_not_real_stats
Zone_1_Srirangam,High,39.4,Arterial,Good,Clear,Two-Wheeler,7,synthetic_trichyguard_not_real_stats
Zone_3_ThillaiNagar,High,45.0,Arterial,Fair,Rainy,Auto-Rickshaw,16,synthetic_trichyguard_not_real_stats
Zone_4_Rockfort,Medium,24.3,Arterial,Poor,Rainy,Two-Wheeler,2,synthetic_trichyguard_not_real_stats
Zone_2_Cantonment,Medium,33.9,Highway,Good,Rainy,Two-Wheeler,22,synthetic_trichyguard_not_real_stats
Zone_1_Srirangam,Low,45.9,Arterial,Poor,Rainy,Two-Wheeler,6,synthetic_trichyguard_not_real_stats
Zone_4_Rockfort,Low,17.7,Highway,Fair,Clear,Car,22,synthetic_trichyguard_not_real_stats
Zone_2_Cantonment,High,27.1,Arterial,Poor,Clear,Auto-Rickshaw,20,synthetic_trichyguard_not_real_stats
Zone_4_Rockfort,Medium,23.1,Local,Fair,Clear,Car,21,synthetic_trichyguard_not_real_stats
Zone_4_Rockfort,Medium,21.3,Highway,Fair,Clear,Two-Wheeler,5,synthetic_trichyguard_not_real_stats
Zone_5_Ariyamangalam,High,52.1,Local,Fair,Clear,Truck,20,synthetic_trichyguard_not_real_stats
Zone_4_Rockfort,Medium,27.2,Arterial,Poor,Clear,Two-Wheeler,1,synthetic_trichyguard_not_real_stats
Zone_5_Ariyamangalam,Low,40.4,Arterial,Fair,Clear,Truck,13,synthetic_trichyguard_not_real_stats
Zone_3_ThillaiNagar,Medium,34.4,Local,Fair,Clear,Two-Wheeler,1,synthetic_trichyguard_not_real_stats
Zone_4_Rockfort,Low,24.3,Arterial,Fair,Clear,Two-Wheeler,20,synthetic_trichyguard_not_real_stats
Zone_1_Srirangam,Low,29.2,Local,Fair,Clear,Car,2,synthetic_trichyguard_not_real_stats
Zone_4_Rockfort,Medium,15.1,Arterial,Fair,Clear,Car,16,synthetic_trichyguard_not_real_stats
Zone_1_Srirangam,Medium,24.1,Highway,Good,Clear,Two-Wheeler,0,synthetic_trichyguard_not_real_stats
Zone_2_Cantonment,High,17.0,Local,Good,Rainy,Car,12,synthetic_trichyguard_not_real_stats
Zone_1_Srirangam,High,37.4,Highway,Poor,Clear,Car,3,synthetic_trichyguard_not_real_stats
Zone_3_ThillaiNagar,High,13.6,Arterial,Fair,Clear,Two-Wheeler,5,synthetic_trichyguard_not_real_stats
Zone_4_Rockfort,Medium,30.0,Local,Poor,Clear,Bus,4,synthetic_trichyguard_not_real_stats
Zone_5_Ariyamangalam,Medium,43.4,Local,Fair,Clear,Two-Wheeler,10,synthetic_trichyguard_not_real_stats
Zone_4_Rockfort,Medium,35.4,Arterial,Poor,Clear,Two-Wheeler,17,synthetic_trichyguard_not_real_stats
Zone_5_Ariyamangalam,High,72.4,Highway,Fair,Clear,Two-Wheeler,14,synthetic_trichyguard_not_real_stats
Zone_5_Ariyamangalam,Low,31.2,Highway,Poor,Clear,Bus,6,synthetic_trichyguard_not_real_stats
Zone_4_Rockfort,Medium,13.2,Arterial,Poor,Clear,Two-Wheeler,23,synthetic_trichyguard_not_real_stats
Zone_1_Srirangam,Low,23.0,Arterial,Good,Clear,Two-Wheeler,22,synthetic_trichyguard_not_real_stats
Zone_2_Cantonment,High,40.6,Arterial,Fair,Clear,Car,0,synthetic_trichyguard_not_real_stats
Zone_1_Srirangam,Medium,22.7,Arterial,Poor,Clear,Auto-Rickshaw,1,synthetic_trichyguard_not_real_stats
Zone_1_Srirangam,Low,30.0,Highway,Fair,Clear,Two-Wheeler,8,synthetic_trichyguard_not_real_stats
Zone_3_ThillaiNagar,Low,38.0,Local,Fair,Rainy,Truck,0,synthetic_trichyguard_not_real_stats
Zone_2_Cantonment,High,33.7,Highway,Good,Foggy,Car,20,synthetic_trichyguard_not_real_stats
Zone_1_Srirangam,High,36.8,Arterial,Fair,Clear,Two-Wheeler,18,synthetic_trichyguard_not_real_stats
Zone_2_Cantonment,Medium,52.1,Highway,Good,Foggy,Two-Wheeler,4,synthetic_trichyguard_not_real_stats
Zone_5_Ariyamangalam,Medium,54.4,Highway,Poor,Rainy,Bus,0,synthetic_trichyguard_not_real_stats
Zone_4_Rockfort,Low,32.6,Arterial,Good,Clear,Auto-Rickshaw,16,synthetic_trichyguard_not_real_stats
Zone_4_Rockfort,Low,20.6,Local,Good,Rainy,Bus,12,synthetic_trichyguard_not_real_stats
Zone_4_Rockfort,High,21.4,Local,Poor,Clear,Two-Wheeler,16,synthetic_trichyguard_not_real_stats
Zone_2_Cantonment,High,29.5,Arterial,Fair,Clear,Auto-Rickshaw,21,synthetic_trichyguard_not_real_stats
Zone_1_Srirangam,High,28.9,Local,Fair,Clear,Two-Wheeler,13,synthetic_trichyguard_not_real_stats
Zone_2_Cantonment,Medium,21.0,Arterial,Good,Rainy,Car,11,synthetic_trichyguard_not_real_stats
Zone_4_Rockfort,High,25.9,Highway,Fair,Clear,Car,16,synthetic_trichyguard_not_real_stats
Zone_1_Srirangam,Medium,34.2,Highway,Good,Foggy,Two-Wheeler,17,synthetic_trichyguard_not_real_stats
Zone_3_ThillaiNagar,Medium,27.6,Arterial,Good,Clear,Car,0,synthetic_trichyguard_not_real_stats
Zone_4_Rockfort,High,20.7,Arterial,Poor,Clear,Two-Wheeler,6,synthetic_trichyguard_not_real_stats
Zone_1_Srirangam,Low,31.5,Arterial,Good,Rainy,Two-Wheeler,17,synthetic_trichyguard_not_real_stats
Zone_1_Srirangam,Medium,44.5,Local,Good,Clear,Two-Wheeler,16,synthetic_trichyguard_not_real_stats
Zone_5_Ariyamangalam,Medium,48.2,Arterial,Good,Clear,Bus,20,synthetic_trichyguard_not_real_stats
Zone_3_ThillaiNagar,High,30.2,Arterial,Fair,Clear,Two-Wheeler,13,synthetic_trichyguard_not_real_stats
Zone_3_ThillaiNagar,Low,33.4,Arterial,Good,Foggy,Two-Wheeler,9,synthetic_trichyguard_not_real_stats
Zone_5_Ariyamangalam,High,46.4,Arterial,Good,Clear,Bus,17,synthetic_trichyguard_not_real_stats
Zone_1_Srirangam,Medium,41.3,Arterial,Fair,Clear,Two-Wheeler,23,synthetic_trichyguard_not_real_stats
Zone_3_ThillaiNagar,Low,33.2,Local,Good,Clear,Two-Wheeler,20,synthetic_trichyguard_not_real_stats
Zone_3_ThillaiNagar,Low,22.9,Arterial,Good,Clear,Car,6,synthetic_trichyguard_not_real_stats
Zone_2_Cantonment,High,42.3,Local,Good,Clear,Car,3,synthetic_trichyguard_not_real_stats
Zone_1_Srirangam,Low,21.7,Local,Good,Clear,Car,12,synthetic_trichyguard_not_real_stats
Zone_5_Ariyamangalam,Low,27.0,Highway,Fair,Rainy,Two-Wheeler,16,synthetic_trichyguard_not_real_stats
Zone_4_Rockfort,Low,25.5,Local,Fair,Clear,Two-Wheeler,22,synthetic_trichyguard_not_real_stats
Zone_5_Ariyamangalam,Low,40.5,Arterial,Good,Clear,Car,20,synthetic_trichyguard_not_real_stats
Zone_2_Cantonment,High,38.5,Highway,Poor,Clear,Car,4,synthetic_trichyguard_not_real_stats
Zone_2_Cantonment,Medium,39.1,Arterial,Fair,Clear,Car,11,synthetic_trichyguard_not_real_stats
Zone_4_Rockfort,Low,21.0,Local,Poor,Clear,Two-Wheeler,6,synthetic_trichyguard_not_real_stats
Zone_1_Srirangam,Medium,30.9,Local,Good,Clear,Auto-Rickshaw,2,synthetic_trichyguard_not_real_stats
Zone_3_ThillaiNagar,High,49.6,Arterial,Good,Clear,Bus,22,synthetic_trichyguard_not_real_stats
Zone_5_Ariyamangalam,Low,76.6,Local,Good,Clear,Truck,19,synthetic_trichyguard_not_real_stats
Zone_5_Ariyamangalam,Medium,44.4,Arterial,Good,Clear,Two-Wheeler,0,synthetic_trichyguard_not_real_stats
Zone_4_Rockfort,Medium,24.1,Local,Fair,Clear,Bus,14,synthetic_trichyguard_not_real_stats
Zone_1_Srirangam,High,29.8,Arterial,Fair,Clear,Car,8,synthetic_trichyguard_not_real_stats
Zone_1_Srirangam,Medium,25.0,Arterial,Good,Rainy,Two-Wheeler,10,synthetic_trichyguard_not_real_stats
Zone_3_ThillaiNagar,Medium,37.0,Arterial,Fair,Clear,Car,21,synthetic_trichyguard_not_real_stats
Zone_5_Ariyamangalam,Medium,58.5,Highway,Good,Foggy,Truck,18,synthetic_trichyguard_not_real_stats
Zone_5_Ariyamangalam,High,55.8,Highway,Fair,Clear,Car,15,synthetic_trichyguard_not_real_stats
Zone_4_Rockfort,High,19.6,Local,Fair,Clear,Car,0,synthetic_trichyguard_not_real_stats
Zone_5_Ariyamangalam,Medium,42.0,Highway,Poor,Clear,Car,10,synthetic_trichyguard_not_real_stats
Zone_1_Srirangam,Low,36.9,Arterial,Good,Rainy,Auto-Rickshaw,2,synthetic_trichyguard_not_real_stats
Zone_1_Srirangam,Medium,25.3,Arterial,Good,Clear,Bus,12,synthetic_trichyguard_not_real_stats
Zone_3_ThillaiNagar,High,20.3,Local,Good,Rainy,Two-Wheeler,3,synthetic_trichyguard_not_real_stats
Zone_4_Rockfort,High,34.5,Arterial,Fair,Clear,Car,9,synthetic_trichyguard_not_real_stats
Zone_5_Ariyamangalam,Medium,53.2,Highway,Good,Clear,Car,16,synthetic_trichyguard_not_real_stats
Zone_3_ThillaiNagar,High,32.7,Local,Good,Clear,Car,2,synthetic_trichyguard_not_real_stats
Zone_1_Srirangam,Medium,25.5,Arterial,Fair,Clear,Two-Wheeler,22,synthetic_trichyguard_not_real_stats
Zone_1_Srirangam,Low,23.0,Local,Good,Clear,Two-Wheeler,15,synthetic_trichyguard_not_real_stats
Zone_3_ThillaiNagar,High,32.7,Arterial,Good,Clear,Two-Wheeler,11,synthetic_trichyguard_not_real_stats
Zone_2_Cantonment,High,42.6,Local,Good,Clear,Two-Wheeler,0,synthetic_trichyguard_not_real_stats
Zone_2_Cantonment,High,35.2,Arterial,Fair,Rainy,Two-Wheeler,0,synthetic_trichyguard_not_real_stats
Zone_4_Rockfort,Medium,20.1,Local,Fair,Foggy,Two-Wheeler,12,synthetic_trichyguard_not_real_stats
Zone_1_Srirangam,Low,28.4,Arterial,Poor,Clear,Auto-Rickshaw,22,synthetic_trichyguard_not_real_stats
Zone_3_ThillaiNagar,Medium,37.6,Local,Good,Clear,Car,17,synthetic_trichyguard_not_real_stats
Zone_2_Cantonment,Low,34.6,Highway,Good,Clear,Two-Wheeler,7,synthetic_trichyguard_not_real_stats
Zone_4_Rockfort,Low,31.1,Local,Poor,Foggy,Car,19,synthetic_trichyguard_not_real_stats
Zone_1_Srirangam,Medium,28.4,Arterial,Fair,Clear,Car,6,synthetic_trichyguard_not_real_stats
Zone_3_ThillaiNagar,Medium,29.4,Arterial,Poor,Rainy,Auto-Rickshaw,2,synthetic_trichyguard_not_real_stats
Zone_4_Rockfort,Low,30.0,Local,Fair,Clear,Car,4,synthetic_trichyguard_not_real_stats
Zone_5_Ariyamangalam,High,37.6,Arterial,Good,Rainy,Two-Wheeler,0,synthetic_trichyguard_not_real_stats
Zone_5_Ariyamangalam,High,57.7,Highway,Good,Rainy,Two-Wheeler,0,synthetic_trichyguard_not_real_stats
Zone_4_Rockfort,Medium,32.5,Local,Fair,Clear,Car,8,synthetic_trichyguard_not_real_stats
Zone_2_Cantonment,Low,39.4,Arterial,Good,Clear,Car,5,synthetic_trichyguard_not_real_stats
Zone_4_Rockfort,Medium,21.2,Arterial,Fair,Clear,Two-Wheeler,7,synthetic_trichyguard_not_real_stats
Zone_2_Cantonment,Low,21.5,Highway,Fair,Clear,Truck,4,synthetic_trichyguard_not_real_stats
Zone_2_Cantonment,Medium,38.6,Highway,Fair,Clear,Truck,18,synthetic_trichyguard_not_real_stats
Zone_3_ThillaiNagar,High,35.4,Local,Good,Clear,Car,20,synthetic_trichyguard_not_real_stats
Zone_1_Srirangam,Medium,38.0,Local,Fair,Rainy,Two-Wheeler,3,synthetic_trichyguard_not_real_stats
Zone_3_ThillaiNagar,Medium,42.4,Arterial,Good,Clear,Two-Wheeler,5,synthetic_trichyguard_not_real_stats
Zone_1_Srirangam,High,30.4,Local,Good,Rainy,Car,21,synthetic_trichyguard_not_real_stats
Zone_1_Srirangam,Low,39.3,Local,Fair,Clear,Two-Wheeler,6,synthetic_trichyguard_not_real_stats
Zone_3_ThillaiNagar,High,23.9,Local,Good,Clear,Car,20,synthetic_trichyguard_not_real_stats
Zone_1_Srirangam,Low,37.4,Arterial,Fair,Rainy,Two-Wheeler,19,synthetic_trichyguard_not_real_stats
Zone_2_Cantonment,Medium,51.2,Local,Fair,Clear,Truck,22,synthetic_trichyguard_not_real_stats
Zone_5_Ariyamangalam,Low,54.6,Local,Fair,Clear,Truck,10,synthetic_trichyguard_not_real_stats
Zone_2_Cantonment,High,23.9,Arterial,Fair,Rainy,Car,1,synthetic_trichyguard_not_real_stats
Zone_4_Rockfort,Medium,34.6,Arterial,Fair,Clear,Two-Wheeler,4,synthetic_trichyguard_not_real_stats
Zone_1_Srirangam,Low,32.0,Arterial,Good,Clear,Car,13,synthetic_trichyguard_not_real_stats
Zone_3_ThillaiNagar,High,34.0,Local,Poor,Rainy,Car,3,synthetic_trichyguard_not_real_stats
Zone_5_Ariyamangalam,Medium,32.2,Local,Fair,Foggy,Car,16,synthetic_trichyguard_not_real_stats
Zone_3_ThillaiNagar,Medium,19.1,Arterial,Good,Clear,Car,11,synthetic_trichyguard_not_real_stats
Zone_1_Srirangam,Medium,42.0,Local,Fair,Clear,Two-Wheeler,7,synthetic_trichyguard_not_real_stats
Zone_5_Ariyamangalam,Low,51.4,Highway,Good,Rainy,Two-Wheeler,10,synthetic_trichyguard_not_real_stats
Zone_1_Srirangam,Low,45.2,Local,Fair,Clear,Car,10,synthetic_trichyguard_not_real_stats
Zone_1_Srirangam,Low,24.5,Local,Poor,Clear,Car,0,synthetic_trichyguard_not_real_stats
Zone_1_Srirangam,Low,19.6,Highway,Good,Clear,Two-Wheeler,8,synthetic_trichyguard_not_real_stats
Zone_4_Rockfort,Medium,24.9,Arterial,Good,Rainy,Two-Wheeler,19,synthetic_trichyguard_not_real_stats
Zone_5_Ariyamangalam,Low,66.7,Local,Fair,Clear,Car,18,synthetic_trichyguard_not_real_stats
Zone_4_Rockfort,Low,23.9,Arterial,Poor,Clear,Auto-Rickshaw,19,synthetic_trichyguard_not_real_stats
Zone_2_Cantonment,High,40.5,Arterial,Fair,Clear,Truck,6,synthetic_trichyguard_not_real_stats
Zone_4_Rockfort,Medium,30.9,Arterial,Good,Clear,Two-Wheeler,15,synthetic_trichyguard_not_real_stats
Zone_2_Cantonment,High,42.0,Arterial,Good,Clear,Car,18,synthetic_trichyguard_not_real_stats
Zone_5_Ariyamangalam,Medium,46.8,Highway,Poor,Clear,Bus,12,synthetic_trichyguard_not_real_stats
Zone_3_ThillaiNagar,High,29.1,Local,Good,Rainy,Two-Wheeler,14,synthetic_trichyguard_not_real_stats
Zone_5_Ariyamangalam,High,58.1,Arterial,Good,Rainy,Two-Wheeler,2,synthetic_trichyguard_not_real_stats
Zone_2_Cantonment,High,42.3,Arterial,Good,Clear,Car,11,synthetic_trichyguard_not_real_stats
Zone_5_Ariyamangalam,High,57.3,Highway,Good,Rainy,Truck,6,synthetic_trichyguard_not_real_stats
Zone_5_Ariyamangalam,Medium,53.7,Highway,Poor,Clear,Car,22,synthetic_trichyguard_not_real_stats
Zone_4_Rockfort,High,24.6,Local,Fair,Rainy,Bus,15,synthetic_trichyguard_not_real_stats
Zone_1_Srirangam,Medium,43.5,Arterial,Poor,Foggy,Car,5,synthetic_trichyguard_not_real_stats
Zone_1_Srirangam,Medium,28.4,Arterial,Good,Rainy,Auto-Rickshaw,2,synthetic_trichyguard_not_real_stats
Zone_1_Srirangam,High,34.8,Local,Fair,Rainy,Two-Wheeler,15,synthetic_trichyguard_not_real_stats
Zone_4_Rockfort,Low,24.0,Local,Fair,Rainy,Two-Wheeler,14,synthetic_trichyguard_not_real_stats
Zone_4_Rockfort,High,31.0,Arterial,Poor,Clear,Truck,21,synthetic_trichyguard_not_real_stats
Zone_2_Cantonment,High,41.1,Arterial,Fair,Foggy,Two-Wheeler,0,synthetic_trichyguard_not_real_stats
Zone_2_Cantonment,High,22.1,Arterial,Good,Foggy,Car,9,synthetic_trichyguard_not_real_stats
Zone_1_Srirangam,Low,33.9,Arterial,Good,Rainy,Two-Wheeler,23,synthetic_trichyguard_not_real_stats
Zone_1_Srirangam,Low,30.7,Arterial,Fair,Clear,Two-Wheeler,5,synthetic_trichyguard_not_real_stats
Zone_4_Rockfort,Low,28.5,Arterial,Fair,Rainy,Two-Wheeler,5,synthetic_trichyguard_not_real_stats
Zone_5_Ariyamangalam,Low,58.3,Highway,Poor,Clear,Two-Wheeler,2,synthetic_trichyguard_not_real_stats
Zone_4_Rockfort,High,19.3,Arterial,Good,Clear,Truck,7,synthetic_trichyguard_not_real_stats
Zone_3_ThillaiNagar,Medium,44.0,Arterial,Good,Clear,Two-Wheeler,0,synthetic_trichyguard_not_real_stats
Zone_1_Srirangam,Medium,23.5,Local,Good,Rainy,Two-Wheeler,10,synthetic_trichyguard_not_real_stats
Zone_4_Rockfort,High,21.7,Arterial,Poor,Clear,Car,9,synthetic_trichyguard_not_real_stats
Zone_2_Cantonment,High,26.4,Arterial,Good,Clear,Car,6,synthetic_trichyguard_not_real_stats
Zone_4_Rockfort,High,24.8,Local,Fair,Clear,Car,14,synthetic_trichyguard_not_real_stats
Zone_3_ThillaiNagar,High,16.7,Local,Good,Clear,Car,6,synthetic_trichyguard_not_real_stats
Zone_3_ThillaiNagar,High,28.2,Arterial,Fair,Clear,Auto-Rickshaw,1,synthetic_trichyguard_not_real_stats
Zone_1_Srirangam,High,46.4,Arterial,Fair,Clear,Car,18,synthetic_trichyguard_not_real_stats
Zone_1_Srirangam,Medium,20.5,Local,Fair,Clear,Car,16,synthetic_trichyguard_not_real_stats
Zone_3_ThillaiNagar,Medium,27.4,Arterial,Poor,Clear,Car,1,synthetic_trichyguard_not_real_stats
Zone_2_Cantonment,Medium,33.0,Arterial,Fair,Clear,Bus,2,synthetic_trichyguard_not_real_stats
Zone_5_Ariyamangalam,High,55.1,Local,Poor,Clear,Two-Wheeler,9,synthetic_trichyguard_not_real_stats
Zone_2_Cantonment,Medium,32.8,Local,Poor,Clear,Truck,0,synthetic_trichyguard_not_real_stats
Zone_1_Srirangam,Low,35.2,Arterial,Poor,Clear,Car,5,synthetic_trichyguard_not_real_stats
Zone_1_Srirangam,Medium,26.8,Arterial,Good,Clear,Two-Wheeler,19,synthetic_trichyguard_not_real_stats
Zone_4_Rockfort,Medium,25.9,Local,Good,Rainy,Bus,20,synthetic_trichyguard_not_real_stats
Zone_5_Ariyamangalam,High,64.0,Local,Fair,Clear,Auto-Rickshaw,3,synthetic_trichyguard_not_real_stats
Zone_5_Ariyamangalam,Medium,57.7,Local,Fair,Clear,Bus,20,synthetic_trichyguard_not_real_stats
Zone_2_Cantonment,High,44.1,Highway,Good,Rainy,Two-Wheeler,8,synthetic_trichyguard_not_real_stats
Zone_2_Cantonment,Medium,42.5,Local,Good,Clear,Car,17,synthetic_trichyguard_not_real_stats
Zone_4_Rockfort,Low,18.8,Arterial,Good,Clear,Truck,6,synthetic_trichyguard_not_real_stats
Zone_1_Srirangam,Medium,25.9,Arterial,Fair,Clear,Two-Wheeler,23,synthetic_trichyguard_not_real_stats
Zone_2_Cantonment,Medium,23.9,Arterial,Fair,Rainy,Two-Wheeler,8,synthetic_trichyguard_not_real_stats
Zone_4_Rockfort,Medium,28.4,Arterial,Poor,Clear,Two-Wheeler,14,synthetic_trichyguard_not_real_stats
Zone_3_ThillaiNagar,High,31.7,Arterial,Fair,Clear,Two-Wheeler,22,synthetic_trichyguard_not_real_stats
Zone_3_ThillaiNagar,High,39.0,Local,Poor,Clear,Two-Wheeler,23,synthetic_trichyguard_not_real_stats
Zone_4_Rockfort,Medium,20.7,Local,Fair,Clear,Car,19,synthetic_trichyguard_not_real_stats
Zone_3_ThillaiNagar,Medium,16.8,Local,Good,Foggy,Car,23,synthetic_trichyguard_not_real_stats
Zone_3_ThillaiNagar,High,39.7,Local,Good,Clear,Two-Wheeler,22,synthetic_trichyguard_not_real_stats
Zone_3_ThillaiNagar,High,33.4,Arterial,Good,Clear,Two-Wheeler,11,synthetic_trichyguard_not_real_stats
Zone_1_Srirangam,Medium,43.8,Arterial,Poor,Rainy,Two-Wheeler,0,synthetic_trichyguard_not_real_stats
Zone_4_Rockfort,Medium,38.7,Local,Fair,Clear,Two-Wheeler,5,synthetic_trichyguard_not_real_stats
Zone_5_Ariyamangalam,Medium,66.6,Highway,Good,Clear,Two-Wheeler,9,synthetic_trichyguard_not_real_stats
Zone_1_Srirangam,Medium,23.4,Arterial,Fair,Clear,Two-Wheeler,8,synthetic_trichyguard_not_real_stats
Zone_2_Cantonment,Medium,44.8,Arterial,Fair,Clear,Car,16,synthetic_trichyguard_not_real_stats
Zone_3_ThillaiNagar,High,30.3,Arterial,Poor,Clear,Car,15,synthetic_trichyguard_not_real_stats
Zone_3_ThillaiNagar,Low,18.6,Arterial,Poor,Clear,Two-Wheeler,5,synthetic_trichyguard_not_real_stats
Zone_1_Srirangam,Low,30.1,Arterial,Fair,Foggy,Two-Wheeler,8,synthetic_trichyguard_not_real_stats
Zone_3_ThillaiNagar,High,28.2,Arterial,Poor,Clear,Two-Wheeler,15,synthetic_trichyguard_not_real_stats
Zone_2_Cantonment,High,37.3,Arterial,Good,Clear,Auto-Rickshaw,23,synthetic_trichyguard_not_real_stats
Zone_2_Cantonment,High,51.0,Highway,Fair,Clear,Car,10,synthetic_trichyguard_not_real_stats
Zone_3_ThillaiNagar,Medium,21.7,Arterial,Fair,Clear,Two-Wheeler,5,synthetic_trichyguard_not_real_stats
Zone_5_Ariyamangalam,Low,78.4,Local,Poor,Clear,Car,19,synthetic_trichyguard_not_real_stats
Zone_4_Rockfort,Medium,38.6,Local,Fair,Clear,Car,0,synthetic_trichyguard_not_real_stats
Zone_3_ThillaiNagar,High,10.0,Arterial,Poor,Clear,Car,4,synthetic_trichyguard_not_real_stats
Zone_1_Srirangam,Low,37.4,Local,Good,Clear,Two-Wheeler,12,synthetic_trichyguard_not_real_stats
Zone_4_Rockfort,Medium,10.0,Local,Fair,Clear,Auto-Rickshaw,5,synthetic_trichyguard_not_real_stats
Zone_4_Rockfort,High,34.7,Arterial,Good,Clear,Two-Wheeler,19,synthetic_trichyguard_not_real_stats
Zone_2_Cantonment,High,35.3,Arterial,Fair,Clear,Two-Wheeler,8,synthetic_trichyguard_not_real_stats
Zone_3_ThillaiNagar,Medium,30.2,Arterial,Fair,Clear,Car,12,synthetic_trichyguard_not_real_stats
Zone_1_Srirangam,Medium,36.7,Local,Good,Clear,Two-Wheeler,7,synthetic_trichyguard_not_real_stats
Zone_1_Srirangam,Low,24.4,Arterial,Poor,Clear,Two-Wheeler,10,synthetic_trichyguard_not_real_stats
Zone_4_Rockfort,High,31.1,Arterial,Fair,Clear,Bus,10,synthetic_trichyguard_not_real_stats
Zone_4_Rockfort,High,20.6,Arterial,Fair,Clear,Car,8,synthetic_trichyguard_not_real_stats
Zone_1_Srirangam,Medium,27.6,Local,Good,Clear,Car,0,synthetic_trichyguard_not_real_stats
Zone_3_ThillaiNagar,High,19.9,Arterial,Good,Clear,Two-Wheeler,13,synthetic_trichyguard_not_real_stats
Zone_3_ThillaiNagar,High,22.1,Highway,Good,Foggy,Auto-Rickshaw,6,synthetic_trichyguard_not_real_stats
Zone_3_ThillaiNagar,Low,24.0,Arterial,Poor,Clear,Two-Wheeler,4,synthetic_trichyguard_not_real_stats
Zone_4_Rockfort,High,43.1,Local,Fair,Clear,Auto-Rickshaw,5,synthetic_trichyguard_not_real_stats
Zone_5_Ariyamangalam,High,59.2,Arterial,Fair,Clear,Car,1,synthetic_trichyguard_not_real_stats
Zone_5_Ariyamangalam,High,57.2,Highway,Fair,Clear,Bus,13,synthetic_trichyguard_not_real_stats
Zone_3_ThillaiNagar,Medium,25.8,Local,Fair,Clear,Car,20,synthetic_trichyguard_not_real_stats
Zone_4_Rockfort,High,25.0,Local,Fair,Clear,Car,11,synthetic_trichyguard_not_real_stats
Zone_4_Rockfort,Medium,27.5,Local,Fair,Clear,Car,22,synthetic_trichyguard_not_real_stats
Zone_4_Rockfort,Medium,31.2,Local,Good,Clear,Two-Wheeler,22,synthetic_trichyguard_not_real_stats
Zone_4_Rockfort,High,13.5,Highway,Poor,Clear,Two-Wheeler,1,synthetic_trichyguard_not_real_stats
Zone_5_Ariyamangalam,Medium,57.5,Local,Fair,Clear,Car,16,synthetic_trichyguard_not_real_stats
Zone_5_Ariyamangalam,Low,42.8,Arterial,Good,Clear,Car,12,synthetic_trichyguard_not_real_stats
Zone_3_ThillaiNagar,High,41.0,Local,Fair,Clear,Two-Wheeler,6,synthetic_trichyguard_not_real_stats
Zone_4_Rockfort,High,39.3,Arterial,Fair,Clear,Two-Wheeler,17,synthetic_trichyguard_not_real_stats
Zone_5_Ariyamangalam,Low,20.0,Arterial,Fair,Clear,Two-Wheeler,11,synthetic_trichyguard_not_real_stats
Zone_2_Cantonment,High,32.5,Local,Good,Rainy,Auto-Rickshaw,19,synthetic_trichyguard_not_real_stats
Zone_1_Srirangam,Medium,45.8,Arterial,Fair,Clear,Two-Wheeler,21,synthetic_trichyguard_not_real_stats
Zone_2_Cantonment,High,38.6,Arterial,Fair,Rainy,Two-Wheeler,19,synthetic_trichyguard_not_real_stats
Zone_2_Cantonment,Low,27.8,Arterial,Fair,Clear,Bus,18,synthetic_trichyguard_not_real_stats
Zone_2_Cantonment,Medium,34.3,Highway,Poor,Foggy,Two-Wheeler,14,synthetic_trichyguard_not_real_stats
Zone_2_Cantonment,Medium,35.4,Arterial,Good,Clear,Two-Wheeler,19,synthetic_trichyguard_not_real_stats
Zone_2_Cantonment,Medium,40.4,Arterial,Fair,Foggy,Two-Wheeler,22,synthetic_trichyguard_not_real_stats
Zone_5_Ariyamangalam,Low,57.0,Highway,Good,Clear,Two-Wheeler,4,synthetic_trichyguard_not_real_stats
Zone_3_ThillaiNagar,High,26.1,Arterial,Good,Clear,Two-Wheeler,23,synthetic_trichyguard_not_real_stats
Zone_1_Srirangam,Low,45.3,Arterial,Fair,Clear,Auto-Rickshaw,3,synthetic_trichyguard_not_real_stats
Zone_5_Ariyamangalam,Medium,56.4,Highway,Fair,Rainy,Bus,21,synthetic_trichyguard_not_real_stats
Zone_3_ThillaiNagar,High,27.1,Arterial,Good,Clear,Two-Wheeler,11,synthetic_trichyguard_not_real_stats
Zone_2_Cantonment,High,36.5,Local,Fair,Clear,Two-Wheeler,3,synthetic_trichyguard_not_real_stats
Zone_2_Cantonment,High,34.8,Arterial,Fair,Rainy,Car,8,synthetic_trichyguard_not_real_stats
Zone_5_Ariyamangalam,Medium,50.6,Local,Poor,Clear,Two-Wheeler,7,synthetic_trichyguard_not_real_stats
Zone_5_Ariyamangalam,Medium,63.1,Local,Good,Rainy,Bus,6,synthetic_trichyguard_not_real_stats
Zone_3_ThillaiNagar,Low,41.6,Arterial,Good,Rainy,Bus,23,synthetic_trichyguard_not_real_stats
Zone_2_Cantonment,High,38.1,Arterial,Good,Clear,Two-Wheeler,7,synthetic_trichyguard_not_real_stats
Zone_1_Srirangam,Medium,40.0,Highway,Fair,Clear,Two-Wheeler,5,synthetic_trichyguard_not_real_stats
Zone_5_Ariyamangalam,Medium,63.8,Highway,Fair,Rainy,Truck,6,synthetic_trichyguard_not_real_stats
Zone_3_ThillaiNagar,High,14.1,Arterial,Good,Clear,Car,5,synthetic_trichyguard_not_real_stats
Zone_1_Srirangam,Medium,19.4,Local,Good,Clear,Two-Wheeler,12,synthetic_trichyguard_not_real_stats
Zone_1_Srirangam,Low,32.1,Arterial,Fair,Rainy,Two-Wheeler,21,synthetic_trichyguard_not_real_stats
Zone_1_Srirangam,Medium,35.3,Arterial,Fair,Foggy,Car,0,synthetic_trichyguard_not_real_stats
Zone_5_Ariyamangalam,Medium,52.5,Arterial,Good,Rainy,Bus,3,synthetic_trichyguard_not_real_stats
Zone_3_ThillaiNagar,Medium,20.9,Local,Good,Clear,Two-Wheeler,21,synthetic_trichyguard_not_real_stats
Zone_2_Cantonment,Medium,34.5,Highway,Good,Foggy,Auto-Rickshaw,17,synthetic_trichyguard_not_real_stats
Zone_2_Cantonment,Medium,45.3,Arterial,Fair,Clear,Two-Wheeler,7,synthetic_trichyguard_not_real_stats
Zone_3_ThillaiNagar,High,43.0,Local,Good,Rainy,Two-Wheeler,4,synthetic_trichyguard_not_real_stats
Zone_5_Ariyamangalam,High,41.9,Highway,Poor,Clear,Bus,15,synthetic_trichyguard_not_real_stats
Zone_5_Ariyamangalam,Medium,66.7,Highway,Good,Clear,Car,1,synthetic_trichyguard_not_real_stats
Zone_1_Srirangam,Low,41.8,Local,Good,Clear,Two-Wheeler,10,synthetic_trichyguard_not_real_stats
Zone_3_ThillaiNagar,Low,30.6,Arterial,Good,Clear,Auto-Rickshaw,18,synthetic_trichyguard_not_real_stats
Zone_5_Ariyamangalam,Medium,46.9,Highway,Fair,Rainy,Truck,8,synthetic_trichyguard_not_real_stats
Zone_1_Srirangam,Low,22.0,Local,Poor,Clear,Two-Wheeler,19,synthetic_trichyguard_not_real_stats
Zone_4_Rockfort,Low,20.3,Local,Poor,Rainy,Two-Wheeler,4,synthetic_trichyguard_not_real_stats
Zone_2_Cantonment,Medium,24.9,Arterial,Fair,Clear,Two-Wheeler,11,synthetic_trichyguard_not_real_stats
Zone_2_Cantonment,Medium,31.1,Arterial,Poor,Clear,Car,13,synthetic_trichyguard_not_real_stats
Zone_4_Rockfort,Medium,16.8,Local,Poor,Clear,Bus,8,synthetic_trichyguard_not_real_stats
Zone_4_Rockfort,Medium,23.9,Arterial,Poor,Rainy,Car,16,synthetic_trichyguard_not_real_stats
Zone_2_Cantonment,Medium,30.4,Highway,Good,Rainy,Two-Wheeler,12,synthetic_trichyguard_not_real_stats
Zone_5_Ariyamangalam,High,64.5,Highway,Fair,Clear,Bus,20,synthetic_trichyguard_not_real_stats
Zone_2_Cantonment,High,52.4,Arterial,Good,Rainy,Two-Wheeler,9,synthetic_trichyguard_not_real_stats
Zone_5_Ariyamangalam,Medium,57.1,Highway,Good,Rainy,Two-Wheeler,5,synthetic_trichyguard_not_real_stats
Zone_2_Cantonment,Medium,49.2,Local,Good,Clear,Car,14,synthetic_trichyguard_not_real_stats
Zone_1_Srirangam,Medium,24.9,Highway,Fair,Rainy,Two-Wheeler,1,synthetic_trichyguard_not_real_stats
Zone_5_Ariyamangalam,Medium,41.6,Highway,Poor,Foggy,Car,9,synthetic_trichyguard_not_real_stats
Zone_1_Srirangam,Medium,40.3,Arterial,Good,Foggy,Two-Wheeler,12,synthetic_trichyguard_not_real_stats
Zone_1_Srirangam,Low,38.7,Arterial,Fair,Rainy,Car,1,synthetic_trichyguard_not_real_stats
Zone_1_Srirangam,Medium,28.9,Local,Good,Clear,Two-Wheeler,20,synthetic_trichyguard_not_real_stats
Zone_1_Srirangam,Low,32.3,Local,Fair,Foggy,Two-Wheeler,9,synthetic_trichyguard_not_real_stats
Zone_2_Cantonment,Medium,22.5,Highway,Poor,Clear,Car,3,synthetic_trichyguard_not_real_stats
Zone_4_Rockfort,Low,23.9,Local,Poor,Clear,Two-Wheeler,10,synthetic_trichyguard_not_real_stats
Zone_3_ThillaiNagar,High,35.3,Local,Good,Clear,Car,18,synthetic_trichyguard_not_real_stats
Zone_1_Srirangam,Low,33.7,Arterial,Fair,Clear,Car,17,synthetic_trichyguard_not_real_stats
Zone_2_Cantonment,High,47.7,Arterial,Good,Clear,Car,20,synthetic_trichyguard_not_real_stats
Zone_3_ThillaiNagar,Medium,30.7,Local,Poor,Clear,Car,12,synthetic_trichyguard_not_real_stats
Zone_2_Cantonment,Low,24.8,Arterial,Good,Clear,Two-Wheeler,8,synthetic_trichyguard_not_real_stats
Zone_1_Srirangam,Low,34.3,Arterial,Fair,Rainy,Bus,14,synthetic_trichyguard_not_real_stats
Zone_2_Cantonment,High,36.9,Local,Fair,Clear,Two-Wheeler,3,synthetic_trichyguard_not_real_stats
Zone_3_ThillaiNagar,Medium,15.9,Local,Good,Foggy,Bus,4,synthetic_trichyguard_not_real_stats
Zone_4_Rockfort,Medium,20.4,Arterial,Fair,Foggy,Two-Wheeler,19,synthetic_trichyguard_not_real_stats
Zone_1_Srirangam,Medium,34.7,Arterial,Poor,Foggy,Car,16,synthetic_trichyguard_not_real_stats
Zone_1_Srirangam,Low,26.0,Local,Fair,Clear,Auto-Rickshaw,4,synthetic_trichyguard_not_real_stats
Zone_1_Srirangam,Low,21.7,Local,Fair,Clear,Car,20,synthetic_trichyguard_not_real_stats
Zone_2_Cantonment,High,50.4,Arterial,Good,Foggy,Bus,17,synthetic_trichyguard_not_real_stats
Zone_5_Ariyamangalam,High,47.8,Highway,Good,Clear,Bus,22,synthetic_trichyguard_not_real_stats
Zone_1_Srirangam,Medium,19.5,Arterial,Fair,Clear,Two-Wheeler,0,synthetic_trichyguard_not_real_stats
Zone_1_Srirangam,Low,37.2,Local,Fair,Clear,Two-Wheeler,1,synthetic_trichyguard_not_real_stats
Zone_2_Cantonment,High,37.5,Arterial,Poor,Clear,Two-Wheeler,1,synthetic_trichyguard_not_real_stats
Zone_2_Cantonment,High,44.4,Highway,Fair,Clear,Bus,18,synthetic_trichyguard_not_real_stats
Zone_1_Srirangam,Low,43.9,Arterial,Fair,Clear,Bus,2,synthetic_trichyguard_not_real_stats
Zone_5_Ariyamangalam,Low,34.3,Highway,Fair,Rainy,Two-Wheeler,4,synthetic_trichyguard_not_real_stats
Zone_2_Cantonment,Medium,45.9,Highway,Poor,Clear,Car,21,synthetic_trichyguard_not_real_stats
Zone_2_Cantonment,High,41.8,Arterial,Good,Clear,Two-Wheeler,20,synthetic_trichyguard_not_real_stats
Zone_1_Srirangam,Medium,36.8,Local,Fair,Rainy,Car,18,synthetic_trichyguard_not_real_stats
Zone_5_Ariyamangalam,Low,34.2,Local,Fair,Clear,Car,4,synthetic_trichyguard_not_real_stats
Zone_3_ThillaiNagar,Low,32.3,Local,Fair,Clear,Car,15,synthetic_trichyguard_not_real_stats
Zone_3_ThillaiNagar,Medium,27.6,Local,Good,Clear,Two-Wheeler,5,synthetic_trichyguard_not_real_stats
Zone_1_Srirangam,Medium,32.1,Arterial,Poor,Rainy,Car,0,synthetic_trichyguard_not_real_stats
Zone_5_Ariyamangalam,Medium,58.5,Local,Good,Clear,Two-Wheeler,13,synthetic_trichyguard_not_real_stats
Zone_5_Ariyamangalam,Low,36.2,Highway,Fair,Rainy,Car,7,synthetic_trichyguard_not_real_stats
Zone_2_Cantonment,Low,33.9,Arterial,Fair,Clear,Auto-Rickshaw,3,synthetic_trichyguard_not_real_stats
Zone_1_Srirangam,Low,32.6,Local,Poor,Clear,Two-Wheeler,19,synthetic_trichyguard_not_real_stats
Zone_3_ThillaiNagar,High,16.3,Local,Good,Clear,Two-Wheeler,14,synthetic_trichyguard_not_real_stats
Zone_2_Cantonment,Medium,36.5,Arterial,Good,Foggy,Car,17,synthetic_trichyguard_not_real_stats
Zone_1_Srirangam,Medium,21.9,Arterial,Poor,Clear,Car,5,synthetic_trichyguard_not_real_stats
Zone_2_Cantonment,High,36.5,Arterial,Good,Clear,Auto-Rickshaw,4,synthetic_trichyguard_not_real_stats
Zone_1_Srirangam,Medium,39.9,Local,Fair,Clear,Car,16,synthetic_trichyguard_not_real_stats
Zone_2_Cantonment,High,29.1,Local,Good,Clear,Two-Wheeler,23,synthetic_trichyguard_not_real_stats
Zone_2_Cantonment,Medium,24.7,Arterial,Good,Clear,Two-Wheeler,6,synthetic_trichyguard_not_real_stats
Zone_5_Ariyamangalam,Low,58.6,Arterial,Good,Clear,Bus,10,synthetic_trichyguard_not_real_stats
Zone_4_Rockfort,High,33.1,Local,Good,Clear,Car,23,synthetic_trichyguard_not_real_stats
Zone_1_Srirangam,Medium,37.1,Arterial,Fair,Rainy,Two-Wheeler,16,synthetic_trichyguard_not_real_stats
Zone_5_Ariyamangalam,Medium,37.0,Highway,Fair,Rainy,Car,3,synthetic_trichyguard_not_real_stats
Zone_1_Srirangam,Low,32.0,Local,Good,Rainy,Truck,18,synthetic_trichyguard_not_real_stats
Zone_5_Ariyamangalam,Medium,59.6,Highway,Good,Clear,Bus,5,synthetic_trichyguard_not_real_stats
Zone_3_ThillaiNagar,Low,27.7,Local,Good,Clear,Two-Wheeler,4,synthetic_trichyguard_not_real_stats
Zone_5_Ariyamangalam,Medium,40.4,Highway,Fair,Rainy,Car,4,synthetic_trichyguard_not_real_stats
Zone_3_ThillaiNagar,Low,44.3,Local,Poor,Foggy,Auto-Rickshaw,6,synthetic_trichyguard_not_real_stats
Zone_3_ThillaiNagar,High,26.3,Local,Fair,Clear,Car,23,synthetic_trichyguard_not_real_stats
Zone_2_Cantonment,High,16.5,Arterial,Fair,Foggy,Car,12,synthetic_trichyguard_not_real_stats
Zone_4_Rockfort,Medium,10.0,Local,Fair,Clear,Two-Wheeler,17,synthetic_trichyguard_not_real_stats
Zone_1_Srirangam,High,41.1,Local,Good,Clear,Car,22,synthetic_trichyguard_not_real_stats
Zone_3_ThillaiNagar,Medium,17.2,Local,Poor,Rainy,Two-Wheeler,14,synthetic_trichyguard_not_real_stats
Zone_1_Srirangam,Low,24.9,Highway,Poor,Rainy,Two-Wheeler,17,synthetic_trichyguard_not_real_stats
Zone_2_Cantonment,Medium,29.3,Arterial,Fair,Clear,Car,2,synthetic_trichyguard_not_real_stats
Zone_4_Rockfort,Medium,24.5,Highway,Fair,Rainy,Two-Wheeler,5,synthetic_trichyguard_not_real_stats
Zone_2_Cantonment,Medium,38.5,Highway,Fair,Clear,Two-Wheeler,20,synthetic_trichyguard_not_real_stats
Zone_4_Rockfort,Medium,30.7,Local,Good,Clear,Two-Wheeler,8,synthetic_trichyguard_not_real_stats
Zone_3_ThillaiNagar,High,35.4,Local,Good,Clear,Car,2,synthetic_trichyguard_not_real_stats
Zone_5_Ariyamangalam,Low,43.2,Highway,Fair,Clear,Two-Wheeler,22,synthetic_trichyguard_not_real_stats
Zone_4_Rockfort,Low,10.0,Local,Fair,Clear,Two-Wheeler,13,synthetic_trichyguard_not_real_stats
Zone_2_Cantonment,High,37.6,Highway,Good,Clear,Car,0,synthetic_trichyguard_not_real_stats
Zone_1_Srirangam,Low,16.1,Local,Fair,Clear,Two-Wheeler,4,synthetic_trichyguard_not_real_stats
Zone_3_ThillaiNagar,High,33.8,Arterial,Poor,Clear,Car,10,synthetic_trichyguard_not_real_stats
Zone_4_Rockfort,Medium,21.6,Local,Poor,Clear,Bus,11,synthetic_trichyguard_not_real_stats
Zone_3_ThillaiNagar,Low,31.4,Local,Fair,Clear,Auto-Rickshaw,13,synthetic_trichyguard_not_real_stats
Zone_3_ThillaiNagar,Medium,28.0,Local,Good,Clear,Auto-Rickshaw,5,synthetic_trichyguard_not_real_stats
Zone_4_Rockfort,Medium,36.3,Local,Poor,Clear,Car,14,synthetic_trichyguard_not_real_stats
Zone_1_Srirangam,Medium,26.5,Arterial,Poor,Clear,Two-Wheeler,23,synthetic_trichyguard_not_real_stats
Zone_3_ThillaiNagar,Medium,51.7,Arterial,Good,Clear,Car,14,synthetic_trichyguard_not_real_stats
Zone_3_ThillaiNagar,Medium,37.9,Arterial,Good,Clear,Two-Wheeler,18,synthetic_trichyguard_not_real_stats
Zone_2_Cantonment,Low,42.5,Arterial,Good,Rainy,Bus,17,synthetic_trichyguard_not_real_stats
Zone_3_ThillaiNagar,High,25.6,Local,Fair,Clear,Auto-Rickshaw,15,synthetic_trichyguard_not_real_stats
Zone_3_ThillaiNagar,High,13.9,Arterial,Good,Rainy,Two-Wheeler,20,synthetic_trichyguard_not_real_stats
Zone_3_ThillaiNagar,Medium,28.1,Arterial,Good,Clear,Car,19,synthetic_trichyguard_not_real_stats
Zone_3_ThillaiNagar,Low,42.3,Local,Good,Clear,Car,21,synthetic_trichyguard_not_real_stats
Zone_1_Srirangam,Medium,31.4,Highway,Poor,Foggy,Two-Wheeler,6,synthetic_trichyguard_not_real_stats
Zone_5_Ariyamangalam,Medium,55.6,Arterial,Poor,Clear,Car,8,synthetic_trichyguard_not_real_stats
Zone_5_Ariyamangalam,Medium,42.0,Highway,Fair,Rainy,Two-Wheeler,12,synthetic_trichyguard_not_real_stats
Zone_5_Ariyamangalam,Medium,63.5,Local,Fair,Clear,Two-Wheeler,12,synthetic_trichyguard_not_real_stats
Zone_3_ThillaiNagar,Medium,23.1,Arterial,Good,Clear,Two-Wheeler,16,synthetic_trichyguard_not_real_stats
Zone_5_Ariyamangalam,High,70.4,Local,Fair,Clear,Two-Wheeler,15,synthetic_trichyguard_not_real_stats
Zone_1_Srirangam,Low,30.9,Arterial,Fair,Clear,Two-Wheeler,8,synthetic_trichyguard_not_real_stats
Zone_2_Cantonment,Medium,42.3,Highway,Good,Clear,Car,19,synthetic_trichyguard_not_real_stats
Zone_4_Rockfort,High,33.9,Local,Fair,Clear,Two-Wheeler,4,synthetic_trichyguard_not_real_stats
Zone_3_ThillaiNagar,High,37.8,Arterial,Good,Foggy,Two-Wheeler,5,synthetic_trichyguard_not_real_stats
Zone_3_ThillaiNagar,High,31.2,Local,Poor,Rainy,Car,18,synthetic_trichyguard_not_real_stats
Zone_3_ThillaiNagar,Medium,24.3,Local,Good,Rainy,Two-Wheeler,21,synthetic_trichyguard_not_real_stats
Zone_2_Cantonment,Medium,26.3,Highway,Fair,Clear,Car,8,synthetic_trichyguard_not_real_stats
Zone_2_Cantonment,Medium,36.5,Arterial,Good,Clear,Two-Wheeler,21,synthetic_trichyguard_not_real_stats
Zone_5_Ariyamangalam,Medium,32.5,Highway,Fair,Rainy,Two-Wheeler,13,synthetic_trichyguard_not_real_stats
Zone_4_Rockfort,Low,32.1,Local,Fair,Clear,Two-Wheeler,23,synthetic_trichyguard_not_real_stats
Zone_1_Srirangam,Medium,29.7,Local,Poor,Clear,Two-Wheeler,11,synthetic_trichyguard_not_real_stats
Zone_4_Rockfort,High,22.7,Arterial,Poor,Clear,Two-Wheeler,0,synthetic_trichyguard_not_real_stats
Zone_1_Srirangam,Medium,30.7,Highway,Poor,Clear,Car,19,synthetic_trichyguard_not_real_stats
Zone_4_Rockfort,High,26.7,Arterial,Fair,Clear,Two-Wheeler,14,synthetic_trichyguard_not_real_stats
Zone_4_Rockfort,Medium,28.7,Arterial,Good,Clear,Car,1,synthetic_trichyguard_not_real_stats
Zone_4_Rockfort,Medium,22.9,Arterial,Poor,Clear,Truck,4,synthetic_trichyguard_not_real_stats
Zone_2_Cantonment,High,33.3,Highway,Good,Clear,Bus,7,synthetic_trichyguard_not_real_stats
Zone_2_Cantonment,Low,51.4,Arterial,Fair,Rainy,Car,12,synthetic_trichyguard_not_real_stats
Zone_4_Rockfort,Medium,28.4,Arterial,Poor,Clear,Two-Wheeler,8,synthetic_trichyguard_not_real_stats
Zone_3_ThillaiNagar,High,15.6,Arterial,Good,Clear,Two-Wheeler,0,synthetic_trichyguard_not_real_stats
Zone_4_Rockfort,High,18.6,Arterial,Fair,Clear,Two-Wheeler,23,synthetic_trichyguard_not_real_stats
Zone_5_Ariyamangalam,High,55.8,Highway,Fair,Rainy,Truck,20,synthetic_trichyguard_not_real_stats
Zone_5_Ariyamangalam,Low,50.0,Highway,Poor,Clear,Two-Wheeler,17,synthetic_trichyguard_not_real_stats
Zone_3_ThillaiNagar,Low,31.0,Local,Good,Foggy,Car,10,synthetic_trichyguard_not_real_stats
Zone_4_Rockfort,High,28.6,Local,Fair,Clear,Bus,10,synthetic_trichyguard_not_real_stats
Zone_3_ThillaiNagar,High,27.1,Arterial,Fair,Rainy,Auto-Rickshaw,2,synthetic_trichyguard_not_real_stats
Zone_2_Cantonment,Medium,28.8,Arterial,Fair,Rainy,Car,4,synthetic_trichyguard_not_real_stats
Zone_3_ThillaiNagar,Medium,30.5,Local,Fair,Clear,Two-Wheeler,19,synthetic_trichyguard_not_real_stats
Zone_3_ThillaiNagar,High,46.4,Arterial,Good,Clear,Car,19,synthetic_trichyguard_not_real_stats
Zone_5_Ariyamangalam,Low,48.8,Arterial,Poor,Clear,Truck,20,synthetic_trichyguard_not_real_stats
Zone_5_Ariyamangalam,Medium,57.5,Highway,Good,Rainy,Two-Wheeler,14,synthetic_trichyguard_not_real_stats
Zone_1_Srirangam,High,30.5,Arterial,Good,Clear,Two-Wheeler,6,synthetic_trichyguard_not_real_stats
Zone_1_Srirangam,Medium,26.8,Arterial,Poor,Clear,Car,15,synthetic_trichyguard_not_real_stats
Zone_2_Cantonment,Medium,46.1,Arterial,Good,Clear,Car,12,synthetic_trichyguard_not_real_stats
Zone_3_ThillaiNagar,High,31.4,Local,Fair,Clear,Two-Wheeler,12,synthetic_trichyguard_not_real_stats
Zone_5_Ariyamangalam,Low,43.8,Highway,Good,Clear,Bus,0,synthetic_trichyguard_not_real_stats
Zone_3_ThillaiNagar,High,28.6,Arterial,Fair,Clear,Car,20,synthetic_trichyguard_not_real_stats
Zone_1_Srirangam,Low,32.6,Arterial,Fair,Clear,Two-Wheeler,23,synthetic_trichyguard_not_real_stats
Zone_3_ThillaiNagar,Low,41.4,Highway,Fair,Clear,Two-Wheeler,20,synthetic_trichyguard_not_real_stats
Zone_3_ThillaiNagar,Low,30.9,Arterial,Fair,Clear,Car,4,synthetic_trichyguard_not_real_stats
Zone_5_Ariyamangalam,High,27.8,Highway,Poor,Clear,Two-Wheeler,5,synthetic_trichyguard_not_real_stats
Zone_3_ThillaiNagar,Medium,36.9,Local,Fair,Clear,Car,10,synthetic_trichyguard_not_real_stats
Zone_5_Ariyamangalam,High,56.0,Local,Fair,Clear,Two-Wheeler,16,synthetic_trichyguard_not_real_stats
Zone_1_Srirangam,Medium,37.6,Arterial,Fair,Clear,Auto-Rickshaw,17,synthetic_trichyguard_not_real_stats
Zone_4_Rockfort,Medium,17.8,Arterial,Poor,Clear,Two-Wheeler,22,synthetic_trichyguard_not_real_stats
Zone_1_Srirangam,Low,38.5,Local,Fair,Rainy,Two-Wheeler,13,synthetic_trichyguard_not_real_stats
Zone_3_ThillaiNagar,High,32.4,Highway,Good,Clear,Auto-Rickshaw,16,synthetic_trichyguard_not_real_stats
Zone_1_Srirangam,Low,36.6,Arterial,Fair,Clear,Car,20,synthetic_trichyguard_not_real_stats
Zone_4_Rockfort,High,13.3,Arterial,Fair,Foggy,Car,5,synthetic_trichyguard_not_real_stats
Zone_3_ThillaiNagar,Medium,15.9,Local,Fair,Clear,Two-Wheeler,10,synthetic_trichyguard_not_real_stats
Zone_3_ThillaiNagar,Medium,18.4,Arterial,Poor,Clear,Two-Wheeler,9,synthetic_trichyguard_not_real_stats
Zone_3_ThillaiNagar,Medium,20.8,Arterial,Good,Clear,Two-Wheeler,15,synthetic_trichyguard_not_real_stats
Zone_5_Ariyamangalam,High,54.5,Highway,Poor,Clear,Auto-Rickshaw,23,synthetic_trichyguard_not_real_stats
Zone_3_ThillaiNagar,High,30.9,Arterial,Good,Clear,Car,16,synthetic_trichyguard_not_real_stats
Zone_3_ThillaiNagar,High,39.0,Arterial,Good,Clear,Auto-Rickshaw,14,synthetic_trichyguard_not_real_stats
Zone_3_ThillaiNagar,High,40.5,Local,Fair,Clear,Car,8,synthetic_trichyguard_not_real_stats
Zone_3_ThillaiNagar,Medium,14.6,Arterial,Fair,Clear,Two-Wheeler,14,synthetic_trichyguard_not_real_stats
Zone_3_ThillaiNagar,High,24.7,Local,Fair,Clear,Two-Wheeler,0,synthetic_trichyguard_not_real_stats
Zone_3_ThillaiNagar,Low,27.3,Local,Good,Foggy,Two-Wheeler,18,synthetic_trichyguard_not_real_stats
Zone_3_ThillaiNagar,High,40.0,Local,Fair,Clear,Car,3,synthetic_trichyguard_not_real_stats
Zone_2_Cantonment,High,46.8,Arterial,Good,Clear,Two-Wheeler,6,synthetic_trichyguard_not_real_stats
Zone_2_Cantonment,High,46.0,Arterial,Good,Clear,Car,12,synthetic_trichyguard_not_real_stats
Zone_1_Srirangam,Low,31.3,Arterial,Fair,Clear,Two-Wheeler,3,synthetic_trichyguard_not_real_stats
Zone_1_Srirangam,Low,37.0,Arterial,Good,Foggy,Car,10,synthetic_trichyguard_not_real_stats
Zone_3_ThillaiNagar,Low,27.3,Local,Good,Clear,Car,5,synthetic_trichyguard_not_real_stats
Zone_3_ThillaiNagar,High,35.3,Arterial,Poor,Clear,Two-Wheeler,5,synthetic_trichyguard_not_real_stats
Zone_3_ThillaiNagar,Medium,27.5,Local,Good,Clear,Car,10,synthetic_trichyguard_not_real_stats
Zone_1_Srirangam,Low,36.6,Arterial,Good,Clear,Car,6,synthetic_trichyguard_not_real_stats
Zone_5_Ariyamangalam,High,54.1,Arterial,Good,Rainy,Car,7,synthetic_trichyguard_not_real_stats
Zone_1_Srirangam,Medium,40.5,Arterial,Fair,Clear,Two-Wheeler,10,synthetic_trichyguard_not_real_stats
Zone_3_ThillaiNagar,Medium,32.4,Arterial,Good,Clear,Two-Wheeler,0,synthetic_trichyguard_not_real_stats
Zone_4_Rockfort,Medium,27.6,Arterial,Poor,Clear,Auto-Rickshaw,7,synthetic_trichyguard_not_real_stats
Zone_2_Cantonment,Medium,33.2,Arterial,Good,Clear,Car,14,synthetic_trichyguard_not_real_stats
Zone_4_Rockfort,Medium,19.8,Highway,Good,Clear,Two-Wheeler,21,synthetic_trichyguard_not_real_stats
Zone_1_Srirangam,Medium,28.6,Local,Poor,Clear,Two-Wheeler,17,synthetic_trichyguard_not_real_stats
Zone_5_Ariyamangalam,Medium,56.3,Arterial,Fair,Clear,Truck,10,synthetic_trichyguard_not_real_stats
Zone_4_Rockfort,Low,25.8,Arterial,Poor,Clear,Car,23,synthetic_trichyguard_not_real_stats
Zone_4_Rockfort,Medium,28.9,Local,Fair,Clear,Two-Wheeler,20,synthetic_trichyguard_not_real_stats
Zone_2_Cantonment,High,21.6,Arterial,Fair,Clear,Two-Wheeler,21,synthetic_trichyguard_not_real_stats
Zone_1_Srirangam,Medium,22.5,Arterial,Good,Rainy,Two-Wheeler,18,synthetic_trichyguard_not_real_stats
Zone_5_Ariyamangalam,Low,49.2,Local,Good,Rainy,Truck,23,synthetic_trichyguard_not_real_stats
Zone_1_Srirangam,High,11.8,Local,Fair,Clear,Car,10,synthetic_trichyguard_not_real_stats
Zone_1_Srirangam,Low,33.0,Local,Good,Rainy,Two-Wheeler,8,synthetic_trichyguard_not_real_stats
Zone_5_Ariyamangalam,Low,55.6,Highway,Poor,Clear,Bus,15,synthetic_trichyguard_not_real_stats
Zone_2_Cantonment,Medium,44.8,Highway,Poor,Clear,Car,18,synthetic_trichyguard_not_real_stats
Zone_3_ThillaiNagar,High,23.9,Local,Good,Clear,Car,1,synthetic_trichyguard_not_real_stats
Zone_4_Rockfort,High,19.3,Local,Good,Clear,Car,15,synthetic_trichyguard_not_real_stats
Zone_1_Srirangam,High,43.5,Arterial,Fair,Clear,Truck,22,synthetic_trichyguard_not_real_stats
Zone_5_Ariyamangalam,Low,39.8,Highway,Fair,Clear,Auto-Rickshaw,17,synthetic_trichyguard_not_real_stats
Zone_3_ThillaiNagar,High,34.6,Local,Fair,Clear,Auto-Rickshaw,8,synthetic_trichyguard_not_real_stats
Zone_1_Srirangam,Medium,22.1,Arterial,Fair,Clear,Two-Wheeler,2,synthetic_trichyguard_not_real_stats
Zone_4_Rockfort,Medium,18.1,Local,Fair,Rainy,Auto-Rickshaw,11,synthetic_trichyguard_not_real_stats
Zone_4_Rockfort,High,10.0,Arterial,Fair,Clear,Two-Wheeler,16,synthetic_trichyguard_not_real_stats
Zone_1_Srirangam,Medium,27.0,Local,Good,Clear,Two-Wheeler,14,synthetic_trichyguard_not_real_stats
Zone_1_Srirangam,Low,25.1,Arterial,Good,Clear,Two-Wheeler,18,synthetic_trichyguard_not_real_stats
Zone_3_ThillaiNagar,High,19.7,Local,Fair,Clear,Car,5,synthetic_trichyguard_not_real_stats
Zone_4_Rockfort,Medium,26.7,Arterial,Fair,Foggy,Car,22,synthetic_trichyguard_not_real_stats
Zone_5_Ariyamangalam,Medium,34.3,Highway,Poor,Clear,Truck,15,synthetic_trichyguard_not_real_stats
Zone_1_Srirangam,Low,40.7,Highway,Good,Clear,Car,8,synthetic_trichyguard_not_real_stats
Zone_5_Ariyamangalam,High,38.1,Arterial,Poor,Rainy,Bus,22,synthetic_trichyguard_not_real_stats
Zone_3_ThillaiNagar,High,32.7,Arterial,Fair,Clear,Two-Wheeler,2,synthetic_trichyguard_not_real_stats
Zone_1_Srirangam,Medium,35.2,Arterial,Good,Rainy,Car,1,synthetic_trichyguard_not_real_stats
Zone_2_Cantonment,Medium,46.4,Arterial,Fair,Clear,Car,2,synthetic_trichyguard_not_real_stats
Zone_2_Cantonment,Low,41.1,Highway,Good,Clear,Car,4,synthetic_trichyguard_not_real_stats
Zone_5_Ariyamangalam,High,32.7,Arterial,Fair,Clear,Auto-Rickshaw,13,synthetic_trichyguard_not_real_stats
Zone_1_Srirangam,Medium,27.9,Highway,Good,Clear,Two-Wheeler,23,synthetic_trichyguard_not_real_stats
Zone_5_Ariyamangalam,Medium,66.1,Arterial,Good,Rainy,Car,7,synthetic_trichyguard_not_real_stats
Zone_4_Rockfort,High,17.3,Local,Fair,Foggy,Auto-Rickshaw,5,synthetic_trichyguard_not_real_stats
Zone_3_ThillaiNagar,High,29.2,Local,Fair,Clear,Two-Wheeler,22,synthetic_trichyguard_not_real_stats
Zone_1_Srirangam,Low,30.8,Arterial,Poor,Clear,Two-Wheeler,5,synthetic_trichyguard_not_real_stats
Zone_2_Cantonment,High,26.3,Arterial,Poor,Clear,Two-Wheeler,18,synthetic_trichyguard_not_real_stats
Zone_5_Ariyamangalam,Medium,48.5,Arterial,Good,Rainy,Two-Wheeler,20,synthetic_trichyguard_not_real_stats
Zone_2_Cantonment,Medium,27.6,Arterial,Fair,Clear,Car,2,synthetic_trichyguard_not_real_stats
Zone_5_Ariyamangalam,Low,74.5,Highway,Good,Foggy,Car,10,synthetic_trichyguard_not_real_stats
Zone_2_Cantonment,Medium,18.7,Arterial,Poor,Clear,Bus,15,synthetic_trichyguard_not_real_stats
Zone_3_ThillaiNagar,Medium,40.9,Local,Poor,Rainy,Two-Wheeler,9,synthetic_trichyguard_not_real_stats
Zone_1_Srirangam,Low,25.7,Arterial,Fair,Clear,Two-Wheeler,11,synthetic_trichyguard_not_real_stats
Zone_4_Rockfort,Medium,35.0,Arterial,Good,Clear,Two-Wheeler,7,synthetic_trichyguard_not_real_stats
Zone_3_ThillaiNagar,High,34.4,Local,Good,Foggy,Two-Wheeler,15,synthetic_trichyguard_not_real_stats
Zone_4_Rockfort,High,19.5,Local,Poor,Clear,Two-Wheeler,21,synthetic_trichyguard_not_real_stats
Zone_5_Ariyamangalam,Low,36.6,Highway,Poor,Clear,Truck,3,synthetic_trichyguard_not_real_stats
Zone_3_ThillaiNagar,High,36.3,Local,Good,Clear,Auto-Rickshaw,8,synthetic_trichyguard_not_real_stats
Zone_4_Rockfort,Low,31.9,Highway,Fair,Clear,Two-Wheeler,0,synthetic_trichyguard_not_real_stats
Zone_4_Rockfort,Medium,18.9,Arterial,Fair,Clear,Two-Wheeler,12,synthetic_trichyguard_not_real_stats
Zone_2_Cantonment,Medium,31.1,Highway,Poor,Clear,Car,13,synthetic_trichyguard_not_real_stats
Zone_5_Ariyamangalam,High,30.9,Arterial,Good,Clear,Two-Wheeler,16,synthetic_trichyguard_not_real_stats
Zone_5_Ariyamangalam,High,42.7,Arterial,Fair,Clear,Two-Wheeler,10,synthetic_trichyguard_not_real_stats
Zone_2_Cantonment,High,44.9,Arterial,Good,Clear,Car,6,synthetic_trichyguard_not_real_stats
Zone_5_Ariyamangalam,High,26.6,Arterial,Fair,Foggy,Two-Wheeler,19,synthetic_trichyguard_not_real_stats
Zone_3_ThillaiNagar,Medium,18.6,Arterial,Poor,Clear,Two-Wheeler,3,synthetic_trichyguard_not_real_stats
Zone_5_Ariyamangalam,High,50.1,Arterial,Fair,Clear,Two-Wheeler,2,synthetic_trichyguard_not_real_stats
Zone_2_Cantonment,High,29.4,Local,Fair,Clear,Two-Wheeler,4,synthetic_trichyguard_not_real_stats
Zone_1_Srirangam,Medium,29.8,Local,Good,Clear,Bus,0,synthetic_trichyguard_not_real_stats
Zone_1_Srirangam,Medium,23.5,Arterial,Good,Clear,Two-Wheeler,15,synthetic_trichyguard_not_real_stats
Zone_2_Cantonment,Medium,38.1,Local,Good,Clear,Car,17,synthetic_trichyguard_not_real_stats
Zone_3_ThillaiNagar,High,25.8,Arterial,Good,Clear,Auto-Rickshaw,1,synthetic_trichyguard_not_real_stats
Zone_4_Rockfort,Medium,29.7,Arterial,Poor,Clear,Auto-Rickshaw,4,synthetic_trichyguard_not_real_stats
Zone_4_Rockfort,High,29.2,Arterial,Fair,Clear,Two-Wheeler,19,synthetic_trichyguard_not_real_stats
Zone_2_Cantonment,Medium,46.2,Arterial,Good,Clear,Car,19,synthetic_trichyguard_not_real_stats
Zone_1_Srirangam,Low,49.8,Arterial,Good,Clear,Auto-Rickshaw,18,synthetic_trichyguard_not_real_stats
Zone_3_ThillaiNagar,Medium,39.4,Arterial,Good,Rainy,Car,2,synthetic_trichyguard_not_real_stats
Zone_4_Rockfort,Low,31.5,Local,Poor,Rainy,Car,15,synthetic_trichyguard_not_real_stats
Zone_5_Ariyamangalam,High,55.8,Highway,Poor,Clear,Two-Wheeler,20,synthetic_trichyguard_not_real_stats
Zone_5_Ariyamangalam,Low,59.1,Highway,Good,Foggy,Car,21,synthetic_trichyguard_not_real_stats
Zone_1_Srirangam,Medium,20.5,Local,Poor,Clear,Two-Wheeler,14,synthetic_trichyguard_not_real_stats
Zone_1_Srirangam,Low,27.7,Local,Fair,Rainy,Two-Wheeler,14,synthetic_trichyguard_not_real_stats
Zone_3_ThillaiNagar,High,17.7,Arterial,Good,Rainy,Car,6,synthetic_trichyguard_not_real_stats
Zone_1_Srirangam,Low,31.3,Arterial,Good,Clear,Two-Wheeler,18,synthetic_trichyguard_not_real_stats
Zone_1_Srirangam,Low,25.7,Arterial,Fair,Clear,Car,15,synthetic_trichyguard_not_real_stats
Zone_1_Srirangam,Medium,39.4,Highway,Good,Clear,Two-Wheeler,1,synthetic_trichyguard_not_real_stats
Zone_5_Ariyamangalam,Low,60.5,Highway,Fair,Clear,Car,2,synthetic_trichyguard_not_real_stats
Zone_3_ThillaiNagar,Medium,31.4,Local,Fair,Clear,Auto-Rickshaw,15,synthetic_trichyguard_not_real_stats
Zone_4_Rockfort,Medium,35.9,Arterial,Good,Rainy,Two-Wheeler,16,synthetic_trichyguard_not_real_stats
Zone_4_Rockfort,Medium,20.1,Local,Fair,Clear,Two-Wheeler,3,synthetic_trichyguard_not_real_stats
Zone_4_Rockfort,High,20.1,Local,Poor,Clear,Two-Wheeler,19,synthetic_trichyguard_not_real_stats
Zone_1_Srirangam,Medium,21.5,Arterial,Fair,Clear,Car,22,synthetic_trichyguard_not_real_stats
Zone_2_Cantonment,High,45.4,Arterial,Good,Clear,Car,20,synthetic_trichyguard_not_real_stats
Zone_3_ThillaiNagar,Medium,42.8,Arterial,Good,Foggy,Two-Wheeler,15,synthetic_trichyguard_not_real_stats
Zone_2_Cantonment,Medium,35.9,Arterial,Fair,Clear,Two-Wheeler,1,synthetic_trichyguard_not_real_stats
Zone_4_Rockfort,Medium,30.8,Local,Good,Clear,Car,13,synthetic_trichyguard_not_real_stats
Zone_5_Ariyamangalam,Low,32.3,Arterial,Good,Clear,Two-Wheeler,6,synthetic_trichyguard_not_real_stats
Zone_5_Ariyamangalam,High,71.0,Highway,Fair,Clear,Truck,21,synthetic_trichyguard_not_real_stats
Zone_2_Cantonment,High,31.8,Highway,Good,Clear,Car,14,synthetic_trichyguard_not_real_stats
Zone_1_Srirangam,Medium,37.9,Arterial,Fair,Clear,Two-Wheeler,11,synthetic_trichyguard_not_real_stats
Zone_2_Cantonment,Low,22.8,Local,Good,Clear,Two-Wheeler,7,synthetic_trichyguard_not_real_stats
Zone_1_Srirangam,Medium,40.3,Local,Good,Clear,Car,15,synthetic_trichyguard_not_real_stats
Zone_4_Rockfort,High,30.3,Local,Fair,Clear,Two-Wheeler,2,synthetic_trichyguard_not_real_stats
Zone_1_Srirangam,Low,24.5,Arterial,Fair,Rainy,Two-Wheeler,6,synthetic_trichyguard_not_real_stats
Zone_2_Cantonment,High,44.6,Local,Fair,Rainy,Car,20,synthetic_trichyguard_not_real_stats
Zone_5_Ariyamangalam,Medium,70.1,Highway,Good,Clear,Two-Wheeler,9,synthetic_trichyguard_not_real_stats
Zone_3_ThillaiNagar,High,10.0,Local,Poor,Clear,Two-Wheeler,21,synthetic_trichyguard_not_real_stats
Zone_4_Rockfort,High,10.0,Local,Fair,Rainy,Two-Wheeler,9,synthetic_trichyguard_not_real_stats
Zone_3_ThillaiNagar,High,22.8,Local,Poor,Clear,Auto-Rickshaw,20,synthetic_trichyguard_not_real_stats
Zone_1_Srirangam,Low,33.3,Arterial,Fair,Rainy,Two-Wheeler,23,synthetic_trichyguard_not_real_stats
Zone_2_Cantonment,High,32.2,Arterial,Fair,Rainy,Car,17,synthetic_trichyguard_not_real_stats
Zone_3_ThillaiNagar,Low,32.8,Arterial,Good,Clear,Two-Wheeler,22,synthetic_trichyguard_not_real_stats
Zone_2_Cantonment,Medium,50.0,Arterial,Good,Rainy,Car,17,synthetic_trichyguard_not_real_stats
Zone_1_Srirangam,Medium,30.8,Arterial,Fair,Rainy,Car,1,synthetic_trichyguard_not_real_stats
Zone_4_Rockfort,High,18.4,Arterial,Fair,Clear,Two-Wheeler,4,synthetic_trichyguard_not_real_stats
Zone_5_Ariyamangalam,Medium,59.7,Highway,Good,Clear,Two-Wheeler,8,synthetic_trichyguard_not_real_stats
Zone_4_Rockfort,Medium,20.1,Arterial,Fair,Clear,Two-Wheeler,21,synthetic_trichyguard_not_real_stats
Zone_5_Ariyamangalam,High,59.2,Local,Good,Clear,Bus,9,synthetic_trichyguard_not_real_stats
Zone_3_ThillaiNagar,High,29.0,Arterial,Good,Clear,Two-Wheeler,19,synthetic_trichyguard_not_real_stats
Zone_3_ThillaiNagar,Medium,26.1,Local,Good,Clear,Two-Wheeler,7,synthetic_trichyguard_not_real_stats
Zone_2_Cantonment,Medium,52.4,Local,Good,Clear,Car,21,synthetic_trichyguard_not_real_stats
Zone_4_Rockfort,Low,17.2,Arterial,Poor,Clear,Two-Wheeler,6,synthetic_trichyguard_not_real_stats
Zone_5_Ariyamangalam,Medium,40.8,Highway,Poor,Clear,Two-Wheeler,13,synthetic_trichyguard_not_real_stats
Zone_1_Srirangam,Low,39.8,Local,Fair,Clear,Two-Wheeler,12,synthetic_trichyguard_not_real_stats
Zone_5_Ariyamangalam,High,53.4,Highway,Poor,Clear,Car,20,synthetic_trichyguard_not_real_stats
Zone_2_Cantonment,High,28.7,Arterial,Poor,Foggy,Bus,22,synthetic_trichyguard_not_real_stats
Zone_2_Cantonment,Medium,32.2,Arterial,Fair,Clear,Auto-Rickshaw,16,synthetic_trichyguard_not_real_stats
Zone_1_Srirangam,Medium,44.6,Local,Good,Foggy,Two-Wheeler,16,synthetic_trichyguard_not_real_stats
Zone_3_ThillaiNagar,Medium,47.2,Local,Fair,Clear,Car,6,synthetic_trichyguard_not_real_stats
Zone_3_ThillaiNagar,Medium,43.2,Arterial,Fair,Clear,Car,5,synthetic_trichyguard_not_real_stats
Zone_5_Ariyamangalam,Low,69.8,Arterial,Fair,Clear,Car,20,synthetic_trichyguard_not_real_stats
Zone_3_ThillaiNagar,Medium,36.0,Arterial,Fair,Clear,Car,2,synthetic_trichyguard_not_real_stats
Zone_5_Ariyamangalam,Medium,41.7,Arterial,Poor,Clear,Truck,1,synthetic_trichyguard_not_real_stats
Zone_1_Srirangam,Medium,41.9,Arterial,Fair,Clear,Car,21,synthetic_trichyguard_not_real_stats
Zone_5_Ariyamangalam,High,41.3,Local,Fair,Clear,Two-Wheeler,18,synthetic_trichyguard_not_real_stats
Zone_1_Srirangam,Medium,42.6,Local,Good,Clear,Car,16,synthetic_trichyguard_not_real_stats
Zone_1_Srirangam,Medium,23.2,Highway,Good,Rainy,Two-Wheeler,16,synthetic_trichyguard_not_real_stats
Zone_2_Cantonment,High,40.0,Arterial,Fair,Foggy,Auto-Rickshaw,6,synthetic_trichyguard_not_real_stats
Zone_2_Cantonment,High,23.5,Arterial,Good,Rainy,Car,0,synthetic_trichyguard_not_real_stats
Zone_5_Ariyamangalam,Medium,54.8,Highway,Good,Clear,Two-Wheeler,21,synthetic_trichyguard_not_real_stats
Zone_5_Ariyamangalam,Low,44.3,Arterial,Poor,Clear,Car,12,synthetic_trichyguard_not_real_stats
Zone_2_Cantonment,High,36.5,Highway,Poor,Rainy,Auto-Rickshaw,13,synthetic_trichyguard_not_real_stats
Zone_3_ThillaiNagar,High,45.8,Arterial,Good,Clear,Two-Wheeler,17,synthetic_trichyguard_not_real_stats
Zone_2_Cantonment,High,29.6,Arterial,Good,Clear,Auto-Rickshaw,11,synthetic_trichyguard_not_real_stats
Zone_2_Cantonment,Medium,33.0,Highway,Good,Clear,Two-Wheeler,15,synthetic_trichyguard_not_real_stats
Zone_2_Cantonment,High,38.5,Arterial,Fair,Clear,Two-Wheeler,1,synthetic_trichyguard_not_real_stats
Zone_2_Cantonment,Medium,51.3,Arterial,Good,Clear,Car,22,synthetic_trichyguard_not_real_stats
Zone_2_Cantonment,Medium,53.2,Arterial,Good,Clear,Two-Wheeler,12,synthetic_trichyguard_not_real_stats
Zone_1_Srirangam,Medium,27.7,Local,Good,Foggy,Car,0,synthetic_trichyguard_not_real_stats
Zone_4_Rockfort,Low,32.7,Arterial,Fair,Clear,Two-Wheeler,7,synthetic_trichyguard_not_real_stats
Zone_2_Cantonment,Medium,49.0,Arterial,Good,Clear,Auto-Rickshaw,20,synthetic_trichyguard_not_real_stats
Zone_2_Cantonment,Medium,40.4,Arterial,Fair,Clear,Two-Wheeler,8,synthetic_trichyguard_not_real_stats
Zone_1_Srirangam,Medium,14.1,Highway,Fair,Clear,Two-Wheeler,5,synthetic_trichyguard_not_real_stats
Zone_5_Ariyamangalam,Low,75.7,Highway,Fair,Clear,Bus,8,synthetic_trichyguard_not_real_stats
Zone_5_Ariyamangalam,Medium,63.0,Arterial,Fair,Clear,Bus,21,synthetic_trichyguard_not_real_stats
Zone_3_ThillaiNagar,High,40.0,Arterial,Fair,Clear,Two-Wheeler,4,synthetic_trichyguard_not_real_stats
Zone_3_ThillaiNagar,High,24.7,Local,Good,Clear,Auto-Rickshaw,15,synthetic_trichyguard_not_real_stats
Zone_4_Rockfort,Medium,32.2,Local,Poor,Rainy,Bus,5,synthetic_trichyguard_not_real_stats
Zone_1_Srirangam,Medium,50.2,Arterial,Good,Clear,Auto-Rickshaw,2,synthetic_trichyguard_not_real_stats
Zone_1_Srirangam,Medium,41.5,Highway,Good,Clear,Two-Wheeler,18,synthetic_trichyguard_not_real_stats
Zone_2_Cantonment,Medium,21.4,Highway,Poor,Clear,Car,2,synthetic_trichyguard_not_real_stats
Zone_4_Rockfort,High,21.4,Arterial,Poor,Rainy,Auto-Rickshaw,10,synthetic_trichyguard_not_real_stats
Zone_1_Srirangam,Low,26.3,Arterial,Good,Clear,Auto-Rickshaw,16,synthetic_trichyguard_not_real_stats
Zone_4_Rockfort,Medium,29.0,Arterial,Fair,Clear,Two-Wheeler,15,synthetic_trichyguard_not_real_stats
Zone_3_ThillaiNagar,Low,27.8,Arterial,Good,Clear,Two-Wheeler,8,synthetic_trichyguard_not_real_stats
Zone_3_ThillaiNagar,Low,31.4,Local,Poor,Clear,Auto-Rickshaw,0,synthetic_trichyguard_not_real_stats
Zone_2_Cantonment,High,28.1,Local,Good,Clear,Car,14,synthetic_trichyguard_not_real_stats
Zone_2_Cantonment,Medium,20.9,Arterial,Fair,Clear,Car,9,synthetic_trichyguard_not_real_stats
Zone_5_Ariyamangalam,Medium,30.9,Arterial,Good,Rainy,Two-Wheeler,20,synthetic_trichyguard_not_real_stats
Zone_1_Srirangam,Medium,33.0,Local,Fair,Rainy,Auto-Rickshaw,11,synthetic_trichyguard_not_real_stats
Zone_1_Srirangam,Low,38.0,Local,Fair,Clear,Car,22,synthetic_trichyguard_not_real_stats
Zone_5_Ariyamangalam,Medium,53.9,Local,Good,Clear,Car,0,synthetic_trichyguard_not_real_stats
Zone_1_Srirangam,Low,18.6,Arterial,Fair,Rainy,Two-Wheeler,14,synthetic_trichyguard_not_real_stats
Zone_1_Srirangam,High,36.6,Local,Fair,Clear,Two-Wheeler,12,synthetic_trichyguard_not_real_stats
Zone_2_Cantonment,High,29.5,Arterial,Good,Clear,Two-Wheeler,22,synthetic_trichyguard_not_real_stats
Zone_4_Rockfort,High,25.5,Arterial,Fair,Clear,Two-Wheeler,3,synthetic_trichyguard_not_real_stats
Zone_3_ThillaiNagar,High,31.5,Arterial,Good,Clear,Two-Wheeler,2,synthetic_trichyguard_not_real_stats
Zone_3_ThillaiNagar,Low,43.8,Arterial,Good,Clear,Car,6,synthetic_trichyguard_not_real_stats
Zone_3_ThillaiNagar,High,30.2,Arterial,Good,Clear,Two-Wheeler,15,synthetic_trichyguard_not_real_stats
Zone_1_Srirangam,Medium,25.1,Arterial,Fair,Foggy,Car,17,synthetic_trichyguard_not_real_stats
Zone_5_Ariyamangalam,Medium,69.5,Local,Good,Clear,Two-Wheeler,21,synthetic_trichyguard_not_real_stats
Zone_5_Ariyamangalam,Medium,35.1,Highway,Good,Clear,Two-Wheeler,0,synthetic_trichyguard_not_real_stats
Zone_3_ThillaiNagar,Medium,29.4,Arterial,Fair,Clear,Car,20,synthetic_trichyguard_not_real_stats
Zone_2_Cantonment,High,42.0,Arterial,Good,Rainy,Bus,9,synthetic_trichyguard_not_real_stats
Zone_5_Ariyamangalam,Medium,69.8,Highway,Fair,Clear,Car,11,synthetic_trichyguard_not_real_stats
Zone_2_Cantonment,Medium,26.7,Arterial,Good,Rainy,Car,16,synthetic_trichyguard_not_real_stats
Zone_1_Srirangam,Low,40.5,Arterial,Poor,Foggy,Two-Wheeler,21,synthetic_trichyguard_not_real_stats
Zone_1_Srirangam,Medium,44.9,Arterial,Fair,Clear,Two-Wheeler,11,synthetic_trichyguard_not_real_stats
Zone_4_Rockfort,Low,36.5,Arterial,Poor,Clear,Two-Wheeler,17,synthetic_trichyguard_not_real_stats
Zone_1_Srirangam,Low,27.2,Arterial,Good,Clear,Car,0,synthetic_trichyguard_not_real_stats
Zone_1_Srirangam,Medium,37.2,Arterial,Fair,Rainy,Two-Wheeler,14,synthetic_trichyguard_not_real_stats
Zone_2_Cantonment,Medium,40.7,Arterial,Poor,Clear,Car,2,synthetic_trichyguard_not_real_stats
Zone_5_Ariyamangalam,Low,51.9,Local,Good,Clear,Bus,0,synthetic_trichyguard_not_real_stats
Zone_5_Ariyamangalam,High,64.0,Highway,Good,Clear,Car,0,synthetic_trichyguard_not_real_stats
Zone_3_ThillaiNagar,Low,39.6,Arterial,Good,Clear,Auto-Rickshaw,14,synthetic_trichyguard_not_real_stats
Zone_2_Cantonment,Low,40.3,Highway,Good,Rainy,Car,5,synthetic_trichyguard_not_real_stats
Zone_2_Cantonment,High,54.5,Arterial,Good,Clear,Two-Wheeler,18,synthetic_trichyguard_not_real_stats
Zone_4_Rockfort,High,32.3,Arterial,Good,Clear,Two-Wheeler,15,synthetic_trichyguard_not_real_stats
Zone_1_Srirangam,Low,32.9,Arterial,Fair,Clear,Bus,17,synthetic_trichyguard_not_real_stats
Zone_5_Ariyamangalam,Low,27.2,Arterial,Good,Rainy,Car,15,synthetic_trichyguard_not_real_stats
Zone_3_ThillaiNagar,Medium,36.8,Highway,Good,Clear,Car,20,synthetic_trichyguard_not_real_stats
Zone_4_Rockfort,Medium,34.2,Arterial,Poor,Rainy,Two-Wheeler,16,synthetic_trichyguard_not_real_stats
Zone_4_Rockfort,High,23.7,Arterial,Fair,Rainy,Two-Wheeler,17,synthetic_trichyguard_not_real_stats
Zone_1_Srirangam,Low,29.7,Arterial,Fair,Foggy,Car,13,synthetic_trichyguard_not_real_stats
Zone_5_Ariyamangalam,Medium,42.4,Local,Good,Clear,Car,22,synthetic_trichyguard_not_real_stats
Zone_3_ThillaiNagar,High,38.2,Arterial,Fair,Clear,Car,16,synthetic_trichyguard_not_real_stats
Zone_2_Cantonment,Medium,45.9,Arterial,Fair,Clear,Car,2,synthetic_trichyguard_not_real_stats
Zone_1_Srirangam,Medium,36.4,Local,Fair,Clear,Auto-Rickshaw,14,synthetic_trichyguard_not_real_stats
Zone_3_ThillaiNagar,Medium,33.3,Arterial,Fair,Clear,Two-Wheeler,0,synthetic_trichyguard_not_real_stats
Zone_1_Srirangam,Medium,21.3,Arterial,Poor,Rainy,Car,16,synthetic_trichyguard_not_real_stats
Zone_2_Cantonment,High,53.6,Arterial,Fair,Clear,Two-Wheeler,23,synthetic_trichyguard_not_real_stats
Zone_2_Cantonment,Low,36.8,Arterial,Fair,Clear,Car,11,synthetic_trichyguard_not_real_stats
Zone_3_ThillaiNagar,Medium,40.4,Local,Poor,Clear,Car,3,synthetic_trichyguard_not_real_stats
Zone_1_Srirangam,High,48.6,Arterial,Fair,Foggy,Car,15,synthetic_trichyguard_not_real_stats
Zone_2_Cantonment,Medium,45.6,Arterial,Fair,Clear,Two-Wheeler,18,synthetic_trichyguard_not_real_stats
Zone_4_Rockfort,Low,24.1,Local,Poor,Clear,Two-Wheeler,9,synthetic_trichyguard_not_real_stats
Zone_2_Cantonment,High,51.4,Local,Fair,Clear,Auto-Rickshaw,11,synthetic_trichyguard_not_real_stats
Zone_3_ThillaiNagar,High,33.5,Arterial,Good,Clear,Two-Wheeler,12,synthetic_trichyguard_not_real_stats
Zone_5_Ariyamangalam,Medium,49.1,Arterial,Good,Clear,Bus,4,synthetic_trichyguard_not_real_stats
Zone_2_Cantonment,Medium,36.9,Arterial,Fair,Rainy,Auto-Rickshaw,22,synthetic_trichyguard_not_real_stats
Zone_4_Rockfort,Medium,32.3,Local,Good,Clear,Two-Wheeler,17,synthetic_trichyguard_not_real_stats
Zone_5_Ariyamangalam,Low,74.9,Local,Fair,Rainy,Two-Wheeler,0,synthetic_trichyguard_not_real_stats
Zone_5_Ariyamangalam,Low,47.9,Highway,Poor,Clear,Two-Wheeler,16,synthetic_trichyguard_not_real_stats
Zone_3_ThillaiNagar,High,27.2,Arterial,Good,Clear,Car,13,synthetic_trichyguard_not_real_stats
Zone_4_Rockfort,Medium,25.1,Local,Fair,Rainy,Two-Wheeler,20,synthetic_trichyguard_not_real_stats
Zone_2_Cantonment,High,24.5,Local,Good,Clear,Auto-Rickshaw,1,synthetic_trichyguard_not_real_stats
Zone_2_Cantonment,Medium,38.3,Arterial,Good,Clear,Truck,11,synthetic_trichyguard_not_real_stats
Zone_4_Rockfort,High,35.5,Local,Fair,Foggy,Car,5,synthetic_trichyguard_not_real_stats
Zone_2_Cantonment,High,38.3,Local,Fair,Clear,Two-Wheeler,12,synthetic_trichyguard_not_real_stats
Zone_1_Srirangam,Low,45.2,Local,Good,Clear,Auto-Rickshaw,4,synthetic_trichyguard_not_real_stats
Zone_3_ThillaiNagar,High,25.4,Local,Fair,Clear,Car,6,synthetic_trichyguard_not_real_stats
Zone_3_ThillaiNagar,Medium,30.4,Local,Fair,Rainy,Two-Wheeler,10,synthetic_trichyguard_not_real_stats
Zone_2_Cantonment,Medium,38.5,Local,Good,Foggy,Two-Wheeler,7,synthetic_trichyguard_not_real_stats
Zone_3_ThillaiNagar,Medium,27.9,Arterial,Good,Clear,Bus,9,synthetic_trichyguard_not_real_stats
Zone_3_ThillaiNagar,Medium,32.7,Local,Fair,Clear,Two-Wheeler,23,synthetic_trichyguard_not_real_stats
Zone_4_Rockfort,Medium,34.9,Arterial,Fair,Clear,Auto-Rickshaw,5,synthetic_trichyguard_not_real_stats
Zone_1_Srirangam,Medium,33.1,Arterial,Fair,Clear,Auto-Rickshaw,7,synthetic_trichyguard_not_real_stats
Zone_4_Rockfort,Low,32.0,Arterial,Fair,Clear,Bus,8,synthetic_trichyguard_not_real_stats
Zone_4_Rockfort,Low,28.3,Arterial,Fair,Rainy,Auto-Rickshaw,3,synthetic_trichyguard_not_real_stats
Zone_4_Rockfort,Medium,27.1,Arterial,Fair,Clear,Bus,12,synthetic_trichyguard_not_real_stats
Zone_2_Cantonment,Medium,54.1,Local,Good,Clear,Bus,23,synthetic_trichyguard_not_real_stats
Zone_2_Cantonment,Medium,48.6,Arterial,Poor,Rainy,Two-Wheeler,16,synthetic_trichyguard_not_real_stats
Zone_4_Rockfort,Medium,18.6,Arterial,Fair,Clear,Two-Wheeler,20,synthetic_trichyguard_not_real_stats
Zone_4_Rockfort,High,18.8,Highway,Fair,Clear,Car,19,synthetic_trichyguard_not_real_stats
Zone_1_Srirangam,Low,26.5,Arterial,Good,Clear,Two-Wheeler,2,synthetic_trichyguard_not_real_stats
Zone_5_Ariyamangalam,Medium,53.0,Arterial,Good,Clear,Car,16,synthetic_trichyguard_not_real_stats
Zone_4_Rockfort,High,37.5,Local,Fair,Rainy,Auto-Rickshaw,1,synthetic_trichyguard_not_real_stats
Zone_1_Srirangam,High,46.2,Arterial,Good,Foggy,Two-Wheeler,22,synthetic_trichyguard_not_real_stats
Zone_2_Cantonment,High,56.4,Highway,Good,Rainy,Car,6,synthetic_trichyguard_not_real_stats
Zone_1_Srirangam,Medium,25.5,Arterial,Poor,Clear,Auto-Rickshaw,15,synthetic_trichyguard_not_real_stats
Zone_1_Srirangam,High,33.6,Arterial,Fair,Rainy,Bus,23,synthetic_trichyguard_not_real_stats
Zone_5_Ariyamangalam,Low,52.9,Local,Fair,Clear,Truck,23,synthetic_trichyguard_not_real_stats
Zone_5_Ariyamangalam,Medium,55.6,Local,Fair,Clear,Car,19,synthetic_trichyguard_not_real_stats
Zone_4_Rockfort,High,40.9,Arterial,Fair,Clear,Two-Wheeler,0,synthetic_trichyguard_not_real_stats
Zone_5_Ariyamangalam,Medium,58.2,Highway,Good,Clear,Car,20,synthetic_trichyguard_not_real_stats
Zone_3_ThillaiNagar,High,44.3,Local,Good,Clear,Auto-Rickshaw,1,synthetic_trichyguard_not_real_stats
Zone_2_Cantonment,Low,33.7,Arterial,Good,Foggy,Car,7,synthetic_trichyguard_not_real_stats
Zone_3_ThillaiNagar,High,20.1,Arterial,Poor,Clear,Bus,18,synthetic_trichyguard_not_real_stats
Zone_2_Cantonment,Low,39.1,Arterial,Fair,Clear,Car,19,synthetic_trichyguard_not_real_stats
Zone_5_Ariyamangalam,Low,46.9,Arterial,Fair,Clear,Bus,5,synthetic_trichyguard_not_real_stats
Zone_2_Cantonment,High,28.1,Arterial,Good,Rainy,Car,18,synthetic_trichyguard_not_real_stats
Zone_4_Rockfort,Medium,32.2,Arterial,Fair,Clear,Car,21,synthetic_trichyguard_not_real_stats
Zone_1_Srirangam,Low,32.2,Local,Fair,Clear,Auto-Rickshaw,0,synthetic_trichyguard_not_real_stats
Zone_2_Cantonment,High,53.7,Arterial,Poor,Clear,Car,7,synthetic_trichyguard_not_real_stats
Zone_5_Ariyamangalam,Low,50.2,Arterial,Fair,Clear,Bus,1,synthetic_trichyguard_not_real_stats
Zone_3_ThillaiNagar,Medium,31.0,Arterial,Good,Clear,Car,19,synthetic_trichyguard_not_real_stats
Zone_3_ThillaiNagar,Low,20.9,Arterial,Poor,Clear,Two-Wheeler,16,synthetic_trichyguard_not_real_stats
Zone_5_Ariyamangalam,High,44.7,Highway,Fair,Clear,Truck,16,synthetic_trichyguard_not_real_stats
Zone_5_Ariyamangalam,Low,45.4,Arterial,Poor,Foggy,Car,7,synthetic_trichyguard_not_real_stats
Zone_2_Cantonment,High,33.8,Arterial,Good,Clear,Two-Wheeler,7,synthetic_trichyguard_not_real_stats
Zone_4_Rockfort,Medium,17.8,Local,Good,Clear,Auto-Rickshaw,17,synthetic_trichyguard_not_real_stats
Zone_2_Cantonment,Medium,28.6,Arterial,Poor,Clear,Car,3,synthetic_trichyguard_not_real_stats
Zone_1_Srirangam,Low,29.1,Highway,Good,Clear,Car,3,synthetic_trichyguard_not_real_stats
Zone_5_Ariyamangalam,High,59.8,Highway,Good,Clear,Car,10,synthetic_trichyguard_not_real_stats
Zone_5_Ariyamangalam,High,60.6,Highway,Poor,Clear,Truck,7,synthetic_trichyguard_not_real_stats
Zone_4_Rockfort,Medium,30.9,Highway,Fair,Clear,Two-Wheeler,23,synthetic_trichyguard_not_real_stats
Zone_2_Cantonment,Low,29.7,Arterial,Good,Foggy,Car,1,synthetic_trichyguard_not_real_stats
Zone_2_Cantonment,Low,10.9,Arterial,Good,Clear,Car,9,synthetic_trichyguard_not_real_stats
Zone_1_Srirangam,High,31.4,Arterial,Poor,Clear,Two-Wheeler,3,synthetic_trichyguard_not_real_stats
Zone_1_Srirangam,Low,44.4,Highway,Fair,Clear,Two-Wheeler,10,synthetic_trichyguard_not_real_stats
Zone_2_Cantonment,High,33.0,Arterial,Fair,Rainy,Two-Wheeler,16,synthetic_trichyguard_not_real_stats
Zone_1_Srirangam,Low,19.5,Arterial,Good,Clear,Two-Wheeler,3,synthetic_trichyguard_not_real_stats
Zone_3_ThillaiNagar,Low,37.1,Arterial,Good,Clear,Car,22,synthetic_trichyguard_not_real_stats
Zone_4_Rockfort,High,23.9,Local,Poor,Rainy,Two-Wheeler,5,synthetic_trichyguard_not_real_stats
Zone_3_ThillaiNagar,Medium,32.0,Arterial,Poor,Clear,Car,19,synthetic_trichyguard_not_real_stats
Zone_2_Cantonment,Low,32.9,Arterial,Fair,Clear,Two-Wheeler,14,synthetic_trichyguard_not_real_stats
Zone_4_Rockfort,Medium,23.2,Local,Fair,Clear,Two-Wheeler,20,synthetic_trichyguard_not_real_stats
Zone_4_Rockfort,Medium,17.5,Local,Good,Clear,Two-Wheeler,3,synthetic_trichyguard_not_real_stats
Zone_4_Rockfort,High,23.9,Local,Fair,Rainy,Two-Wheeler,7,synthetic_trichyguard_not_real_stats
Zone_5_Ariyamangalam,Low,43.0,Arterial,Fair,Foggy,Car,5,synthetic_trichyguard_not_real_stats
Zone_2_Cantonment,Medium,40.1,Arterial,Good,Clear,Car,20,synthetic_trichyguard_not_real_stats
Zone_3_ThillaiNagar,Medium,33.8,Local,Good,Clear,Auto-Rickshaw,23,synthetic_trichyguard_not_real_stats
Zone_4_Rockfort,Low,25.5,Local,Good,Clear,Auto-Rickshaw,20,synthetic_trichyguard_not_real_stats
Zone_2_Cantonment,Low,26.6,Arterial,Poor,Foggy,Two-Wheeler,11,synthetic_trichyguard_not_real_stats
Zone_2_Cantonment,High,34.6,Arterial,Good,Rainy,Two-Wheeler,19,synthetic_trichyguard_not_real_stats
Zone_4_Rockfort,Medium,23.3,Arterial,Poor,Rainy,Auto-Rickshaw,21,synthetic_trichyguard_not_real_stats
Zone_5_Ariyamangalam,High,51.0,Arterial,Poor,Rainy,Bus,13,synthetic_trichyguard_not_real_stats
Zone_1_Srirangam,Medium,20.0,Local,Good,Rainy,Two-Wheeler,4,synthetic_trichyguard_not_real_stats
Zone_5_Ariyamangalam,Medium,47.7,Local,Fair,Rainy,Car,11,synthetic_trichyguard_not_real_stats
Zone_1_Srirangam,Medium,47.1,Local,Fair,Clear,Car,22,synthetic_trichyguard_not_real_stats
Zone_1_Srirangam,Low,26.6,Arterial,Fair,Clear,Car,4,synthetic_trichyguard_not_real_stats
Zone_4_Rockfort,Low,22.7,Arterial,Fair,Rainy,Two-Wheeler,18,synthetic_trichyguard_not_real_stats
Zone_2_Cantonment,Medium,41.7,Arterial,Poor,Clear,Two-Wheeler,22,synthetic_trichyguard_not_real_stats
Zone_2_Cantonment,High,30.6,Arterial,Poor,Clear,Two-Wheeler,4,synthetic_trichyguard_not_real_stats
Zone_1_Srirangam,Medium,28.1,Local,Good,Clear,Two-Wheeler,11,synthetic_trichyguard_not_real_stats
Zone_1_Srirangam,High,27.3,Arterial,Good,Rainy,Two-Wheeler,18,synthetic_trichyguard_not_real_stats
Zone_3_ThillaiNagar,Medium,21.5,Local,Good,Clear,Auto-Rickshaw,20,synthetic_trichyguard_not_real_stats
Zone_1_Srirangam,Medium,26.2,Arterial,Good,Clear,Two-Wheeler,12,synthetic_trichyguard_not_real_stats
Zone_2_Cantonment,Medium,31.7,Arterial,Good,Clear,Auto-Rickshaw,0,synthetic_trichyguard_not_real_stats
Zone_4_Rockfort,High,39.0,Local,Fair,Clear,Auto-Rickshaw,3,synthetic_trichyguard_not_real_stats
Zone_4_Rockfort,Medium,17.8,Arterial,Poor,Clear,Car,1,synthetic_trichyguard_not_real_stats
Zone_1_Srirangam,Medium,27.3,Local,Good,Clear,Car,20,synthetic_trichyguard_not_real_stats
Zone_3_ThillaiNagar,Low,31.2,Local,Good,Clear,Car,8,synthetic_trichyguard_not_real_stats
Zone_2_Cantonment,High,18.3,Highway,Fair,Clear,Bus,20,synthetic_trichyguard_not_real_stats
Zone_2_Cantonment,Medium,43.1,Arterial,Good,Clear,Two-Wheeler,14,synthetic_trichyguard_not_real_stats
Zone_2_Cantonment,Medium,47.6,Highway,Good,Foggy,Bus,22,synthetic_trichyguard_not_real_stats
Zone_3_ThillaiNagar,Low,15.3,Local,Good,Clear,Car,9,synthetic_trichyguard_not_real_stats
Zone_3_ThillaiNagar,High,14.3,Local,Good,Clear,Car,17,synthetic_trichyguard_not_real_stats
Zone_1_Srirangam,Medium,20.3,Local,Good,Rainy,Two-Wheeler,20,synthetic_trichyguard_not_real_stats
Zone_3_ThillaiNagar,High,38.3,Local,Good,Rainy,Car,10,synthetic_trichyguard_not_real_stats
Zone_4_Rockfort,High,22.5,Local,Good,Clear,Two-Wheeler,8,synthetic_trichyguard_not_real_stats
Zone_2_Cantonment,High,48.6,Local,Good,Clear,Two-Wheeler,1,synthetic_trichyguard_not_real_stats
Zone_2_Cantonment,Medium,15.8,Arterial,Poor,Foggy,Two-Wheeler,13,synthetic_trichyguard_not_real_stats
Zone_2_Cantonment,High,40.1,Local,Fair,Rainy,Auto-Rickshaw,15,synthetic_trichyguard_not_real_stats
Zone_3_ThillaiNagar,High,39.0,Local,Good,Clear,Auto-Rickshaw,2,synthetic_trichyguard_not_real_stats
Zone_5_Ariyamangalam,Medium,31.6,Highway,Fair,Foggy,Truck,9,synthetic_trichyguard_not_real_stats
Zone_3_ThillaiNagar,Low,22.4,Highway,Good,Clear,Car,12,synthetic_trichyguard_not_real_stats
Zone_1_Srirangam,Medium,25.2,Arterial,Fair,Foggy,Two-Wheeler,4,synthetic_trichyguard_not_real_stats
Zone_3_ThillaiNagar,High,28.2,Arterial,Good,Clear,Car,1,synthetic_trichyguard_not_real_stats
Zone_4_Rockfort,High,20.4,Local,Poor,Clear,Two-Wheeler,23,synthetic_trichyguard_not_real_stats
Zone_4_Rockfort,High,24.4,Arterial,Poor,Foggy,Auto-Rickshaw,10,synthetic_trichyguard_not_real_stats
Zone_2_Cantonment,Medium,39.3,Arterial,Fair,Clear,Car,9,synthetic_trichyguard_not_real_stats
Zone_4_Rockfort,Low,34.6,Local,Fair,Clear,Two-Wheeler,3,synthetic_trichyguard_not_real_stats
Zone_5_Ariyamangalam,Medium,48.0,Highway,Good,Clear,Two-Wheeler,19,synthetic_trichyguard_not_real_stats
Zone_1_Srirangam,Medium,41.2,Arterial,Fair,Clear,Auto-Rickshaw,8,synthetic_trichyguard_not_real_stats
Zone_1_Srirangam,Low,18.3,Local,Poor,Clear,Two-Wheeler,14,synthetic_trichyguard_not_real_stats
Zone_2_Cantonment,High,14.6,Arterial,Fair,Clear,Two-Wheeler,10,synthetic_trichyguard_not_real_stats
Zone_2_Cantonment,High,58.0,Arterial,Fair,Clear,Car,15,synthetic_trichyguard_not_real_stats
Zone_1_Srirangam,Medium,31.5,Arterial,Good,Clear,Two-Wheeler,15,synthetic_trichyguard_not_real_stats
Zone_2_Cantonment,High,28.1,Arterial,Good,Clear,Two-Wheeler,8,synthetic_trichyguard_not_real_stats
Zone_3_ThillaiNagar,Medium,22.9,Arterial,Good,Clear,Car,8,synthetic_trichyguard_not_real_stats
Zone_5_Ariyamangalam,Medium,47.4,Arterial,Good,Clear,Two-Wheeler,18,synthetic_trichyguard_not_real_stats
Zone_3_ThillaiNagar,Medium,34.2,Arterial,Good,Clear,Two-Wheeler,15,synthetic_trichyguard_not_real_stats
Zone_4_Rockfort,Medium,12.2,Local,Fair,Clear,Two-Wheeler,10,synthetic_trichyguard_not_real_stats
Zone_4_Rockfort,High,24.3,Arterial,Poor,Clear,Car,3,synthetic_trichyguard_not_real_stats
Zone_3_ThillaiNagar,Medium,39.0,Highway,Fair,Clear,Two-Wheeler,11,synthetic_trichyguard_not_real_stats
Zone_4_Rockfort,Medium,30.7,Arterial,Fair,Clear,Car,7,synthetic_trichyguard_not_real_stats
Zone_5_Ariyamangalam,Medium,75.6,Highway,Good,Clear,Two-Wheeler,1,synthetic_trichyguard_not_real_stats
Zone_2_Cantonment,Medium,48.3,Arterial,Good,Clear,Two-Wheeler,7,synthetic_trichyguard_not_real_stats
Zone_1_Srirangam,Medium,57.9,Arterial,Poor,Clear,Two-Wheeler,20,synthetic_trichyguard_not_real_stats
Zone_3_ThillaiNagar,High,34.5,Local,Fair,Clear,Car,23,synthetic_trichyguard_not_real_stats
Zone_4_Rockfort,High,34.9,Arterial,Good,Clear,Truck,6,synthetic_trichyguard_not_real_stats
Zone_4_Rockfort,Medium,15.1,Local,Poor,Clear,Car,9,synthetic_trichyguard_not_real_stats
Zone_3_ThillaiNagar,High,35.6,Local,Fair,Foggy,Two-Wheeler,22,synthetic_trichyguard_not_real_stats
Zone_4_Rockfort,High,32.4,Local,Fair,Clear,Auto-Rickshaw,11,synthetic_trichyguard_not_real_stats
Zone_3_ThillaiNagar,High,32.7,Arterial,Good,Clear,Car,16,synthetic_trichyguard_not_real_stats
Zone_4_Rockfort,High,36.5,Arterial,Fair,Rainy,Auto-Rickshaw,4,synthetic_trichyguard_not_real_stats
Zone_1_Srirangam,Low,38.0,Local,Poor,Rainy,Two-Wheeler,10,synthetic_trichyguard_not_real_stats
Zone_2_Cantonment,Low,38.1,Highway,Good,Clear,Two-Wheeler,7,synthetic_trichyguard_not_real_stats
Zone_5_Ariyamangalam,High,37.5,Arterial,Poor,Clear,Car,13,synthetic_trichyguard_not_real_stats
Zone_4_Rockfort,Low,12.0,Arterial,Poor,Clear,Two-Wheeler,1,synthetic_trichyguard_not_real_stats
Zone_1_Srirangam,Low,35.3,Arterial,Fair,Rainy,Two-Wheeler,19,synthetic_trichyguard_not_real_stats
Zone_3_ThillaiNagar,High,25.3,Arterial,Good,Foggy,Truck,19,synthetic_trichyguard_not_real_stats
Zone_4_Rockfort,Medium,31.1,Arterial,Good,Clear,Truck,1,synthetic_trichyguard_not_real_stats
Zone_5_Ariyamangalam,Medium,66.8,Arterial,Fair,Clear,Truck,1,synthetic_trichyguard_not_real_stats
Zone_5_Ariyamangalam,Low,74.7,Highway,Fair,Clear,Two-Wheeler,20,synthetic_trichyguard_not_real_stats
Zone_4_Rockfort,High,21.9,Local,Fair,Clear,Two-Wheeler,21,synthetic_trichyguard_not_real_stats
Zone_3_ThillaiNagar,Medium,10.1,Arterial,Good,Clear,Auto-Rickshaw,4,synthetic_trichyguard_not_real_stats
Zone_4_Rockfort,Low,21.7,Local,Fair,Clear,Auto-Rickshaw,8,synthetic_trichyguard_not_real_stats
Zone_3_ThillaiNagar,Medium,46.9,Local,Good,Clear,Car,5,synthetic_trichyguard_not_real_stats
Zone_3_ThillaiNagar,High,30.6,Local,Good,Clear,Car,12,synthetic_trichyguard_not_real_stats
Zone_4_Rockfort,High,32.4,Local,Good,Clear,Two-Wheeler,17,synthetic_trichyguard_not_real_stats
Zone_3_ThillaiNagar,High,30.8,Arterial,Poor,Clear,Bus,9,synthetic_trichyguard_not_real_stats
Zone_2_Cantonment,High,24.0,Arterial,Good,Clear,Car,12,synthetic_trichyguard_not_real_stats
Zone_3_ThillaiNagar,High,33.1,Arterial,Good,Rainy,Two-Wheeler,13,synthetic_trichyguard_not_real_stats
Zone_1_Srirangam,Low,23.6,Arterial,Good,Rainy,Two-Wheeler,17,synthetic_trichyguard_not_real_stats
Zone_3_ThillaiNagar,Low,21.7,Arterial,Fair,Clear,Car,1,synthetic_trichyguard_not_real_stats
Zone_2_Cantonment,Low,25.0,Arterial,Fair,Clear,Two-Wheeler,20,synthetic_trichyguard_not_real_stats
Zone_2_Cantonment,High,45.7,Local,Poor,Rainy,Two-Wheeler,21,synthetic_trichyguard_not_real_stats
Zone_5_Ariyamangalam,High,51.8,Highway,Fair,Clear,Truck,3,synthetic_trichyguard_not_real_stats
Zone_2_Cantonment,Medium,39.3,Arterial,Fair,Clear,Auto-Rickshaw,12,synthetic_trichyguard_not_real_stats
Zone_4_Rockfort,High,38.8,Local,Poor,Clear,Two-Wheeler,7,synthetic_trichyguard_not_real_stats
Zone_4_Rockfort,Medium,25.0,Arterial,Good,Rainy,Two-Wheeler,18,synthetic_trichyguard_not_real_stats
Zone_3_ThillaiNagar,Medium,34.2,Arterial,Good,Clear,Two-Wheeler,2,synthetic_trichyguard_not_real_stats
Zone_2_Cantonment,Medium,43.0,Arterial,Fair,Clear,Two-Wheeler,11,synthetic_trichyguard_not_real_stats
Zone_4_Rockfort,High,24.5,Local,Poor,Clear,Two-Wheeler,8,synthetic_trichyguard_not_real_stats
Zone_2_Cantonment,Medium,46.4,Highway,Good,Clear,Car,11,synthetic_trichyguard_not_real_stats
Zone_2_Cantonment,High,37.3,Local,Fair,Clear,Car,17,synthetic_trichyguard_not_real_stats
Zone_5_Ariyamangalam,Medium,51.4,Arterial,Good,Clear,Two-Wheeler,9,synthetic_trichyguard_not_real_stats
Zone_4_Rockfort,High,38.8,Local,Fair,Foggy,Two-Wheeler,6,synthetic_trichyguard_not_real_stats
Zone_3_ThillaiNagar,High,31.8,Arterial,Good,Clear,Car,20,synthetic_trichyguard_not_real_stats
Zone_4_Rockfort,Low,31.6,Arterial,Good,Foggy,Two-Wheeler,4,synthetic_trichyguard_not_real_stats
Zone_5_Ariyamangalam,Low,53.7,Local,Fair,Clear,Bus,0,synthetic_trichyguard_not_real_stats
Zone_3_ThillaiNagar,Medium,40.2,Local,Fair,Clear,Two-Wheeler,13,synthetic_trichyguard_not_real_stats
Zone_3_ThillaiNagar,Medium,41.1,Local,Fair,Clear,Two-Wheeler,14,synthetic_trichyguard_not_real_stats
Zone_2_Cantonment,High,31.6,Highway,Good,Foggy,Two-Wheeler,21,synthetic_trichyguard_not_real_stats
Zone_4_Rockfort,Medium,17.9,Local,Poor,Rainy,Car,8,synthetic_trichyguard_not_real_stats
Zone_1_Srirangam,Low,29.9,Arterial,Poor,Rainy,Car,2,synthetic_trichyguard_not_real_stats
Zone_1_Srirangam,High,39.1,Local,Poor,Foggy,Two-Wheeler,2,synthetic_trichyguard_not_real_stats
Zone_1_Srirangam,Low,26.7,Local,Good,Clear,Two-Wheeler,8,synthetic_trichyguard_not_real_stats
Zone_2_Cantonment,High,27.4,Arterial,Fair,Clear,Car,10,synthetic_trichyguard_not_real_stats
Zone_1_Srirangam,Low,25.5,Local,Poor,Clear,Auto-Rickshaw,3,synthetic_trichyguard_not_real_stats
Zone_1_Srirangam,Medium,22.3,Local,Fair,Clear,Truck,18,synthetic_trichyguard_not_real_stats
Zone_3_ThillaiNagar,Medium,42.9,Arterial,Good,Foggy,Two-Wheeler,22,synthetic_trichyguard_not_real_stats
Zone_3_ThillaiNagar,Low,40.2,Local,Fair,Clear,Two-Wheeler,9,synthetic_trichyguard_not_real_stats
Zone_1_Srirangam,High,21.1,Arterial,Good,Clear,Two-Wheeler,6,synthetic_trichyguard_not_real_stats
Zone_2_Cantonment,Medium,25.2,Arterial,Fair,Clear,Two-Wheeler,23,synthetic_trichyguard_not_real_stats
Zone_5_Ariyamangalam,Medium,57.4,Highway,Fair,Foggy,Two-Wheeler,23,synthetic_trichyguard_not_real_stats
Zone_2_Cantonment,Medium,46.4,Arterial,Fair,Clear,Truck,10,synthetic_trichyguard_not_real_stats
Zone_5_Ariyamangalam,Low,44.8,Highway,Poor,Rainy,Two-Wheeler,5,synthetic_trichyguard_not_real_stats
Zone_3_ThillaiNagar,High,25.7,Local,Fair,Clear,Auto-Rickshaw,16,synthetic_trichyguard_not_real_stats
Zone_1_Srirangam,High,23.0,Arterial,Fair,Clear,Two-Wheeler,16,synthetic_trichyguard_not_real_stats
Zone_4_Rockfort,High,25.5,Arterial,Poor,Clear,Car,12,synthetic_trichyguard_not_real_stats
Zone_5_Ariyamangalam,Low,45.1,Local,Fair,Clear,Truck,21,synthetic_trichyguard_not_real_stats
Zone_1_Srirangam,Low,22.4,Local,Fair,Clear,Auto-Rickshaw,22,synthetic_trichyguard_not_real_stats
Zone_3_ThillaiNagar,Medium,29.2,Local,Poor,Rainy,Bus,7,synthetic_trichyguard_not_real_stats
Zone_1_Srirangam,Medium,31.9,Highway,Fair,Rainy,Car,3,synthetic_trichyguard_not_real_stats
Zone_1_Srirangam,Medium,49.4,Highway,Good,Foggy,Two-Wheeler,7,synthetic_trichyguard_not_real_stats
Zone_4_Rockfort,High,44.6,Local,Good,Rainy,Car,22,synthetic_trichyguard_not_real_stats
Zone_5_Ariyamangalam,Medium,49.1,Local,Poor,Rainy,Bus,9,synthetic_trichyguard_not_real_stats
Zone_1_Srirangam,Low,30.7,Highway,Fair,Clear,Two-Wheeler,3,synthetic_trichyguard_not_real_stats
Zone_5_Ariyamangalam,Low,34.6,Highway,Fair,Clear,Bus,21,synthetic_trichyguard_not_real_stats
Zone_5_Ariyamangalam,High,47.6,Highway,Fair,Clear,Car,11,synthetic_trichyguard_not_real_stats
Zone_2_Cantonment,High,40.8,Arterial,Fair,Clear,Car,0,synthetic_trichyguard_not_real_stats
Zone_4_Rockfort,Medium,28.8,Arterial,Fair,Clear,Auto-Rickshaw,8,synthetic_trichyguard_not_real_stats
Zone_3_ThillaiNagar,Medium,34.6,Arterial,Good,Foggy,Two-Wheeler,6,synthetic_trichyguard_not_real_stats
Zone_2_Cantonment,High,32.9,Arterial,Fair,Clear,Car,4,synthetic_trichyguard_not_real_stats
Zone_3_ThillaiNagar,High,29.1,Arterial,Fair,Clear,Car,11,synthetic_trichyguard_not_real_stats
Zone_2_Cantonment,Medium,48.2,Arterial,Good,Clear,Car,6,synthetic_trichyguard_not_real_stats
Zone_5_Ariyamangalam,Medium,44.9,Highway,Good,Clear,Truck,16,synthetic_trichyguard_not_real_stats
Zone_1_Srirangam,High,28.6,Arterial,Fair,Clear,Car,5,synthetic_trichyguard_not_real_stats
Zone_5_Ariyamangalam,Low,46.6,Highway,Good,Clear,Car,1,synthetic_trichyguard_not_real_stats
Zone_1_Srirangam,Low,16.3,Local,Fair,Clear,Two-Wheeler,20,synthetic_trichyguard_not_real_stats
Zone_1_Srirangam,Medium,40.0,Highway,Fair,Clear,Car,6,synthetic_trichyguard_not_real_stats
Zone_2_Cantonment,High,39.2,Arterial,Fair,Clear,Two-Wheeler,16,synthetic_trichyguard_not_real_stats
Zone_5_Ariyamangalam,High,34.7,Highway,Fair,Clear,Bus,2,synthetic_trichyguard_not_real_stats
Zone_4_Rockfort,High,32.0,Arterial,Poor,Rainy,Truck,21,synthetic_trichyguard_not_real_stats
Zone_2_Cantonment,High,33.8,Arterial,Good,Rainy,Two-Wheeler,2,synthetic_trichyguard_not_real_stats
Zone_3_ThillaiNagar,Low,18.3,Arterial,Good,Clear,Auto-Rickshaw,4,synthetic_trichyguard_not_real_stats
Zone_4_Rockfort,High,23.3,Arterial,Fair,Clear,Auto-Rickshaw,15,synthetic_trichyguard_not_real_stats
Zone_2_Cantonment,High,44.9,Arterial,Poor,Clear,Car,2,synthetic_trichyguard_not_real_stats
Zone_3_ThillaiNagar,High,37.6,Arterial,Fair,Clear,Car,3,synthetic_trichyguard_not_real_stats
Zone_3_ThillaiNagar,High,37.2,Local,Fair,Clear,Two-Wheeler,17,synthetic_trichyguard_not_real_stats
Zone_4_Rockfort,Medium,31.2,Arterial,Fair,Clear,Bus,21,synthetic_trichyguard_not_real_stats
Zone_4_Rockfort,Medium,27.3,Local,Good,Rainy,Two-Wheeler,1,synthetic_trichyguard_not_real_stats
Zone_2_Cantonment,High,26.2,Arterial,Good,Clear,Car,7,synthetic_trichyguard_not_real_stats
Zone_1_Srirangam,Medium,33.2,Arterial,Good,Clear,Auto-Rickshaw,9,synthetic_trichyguard_not_real_stats
Zone_1_Srirangam,High,29.9,Highway,Good,Clear,Two-Wheeler,5,synthetic_trichyguard_not_real_stats
Zone_5_Ariyamangalam,Medium,57.8,Highway,Fair,Clear,Two-Wheeler,6,synthetic_trichyguard_not_real_stats
Zone_3_ThillaiNagar,High,40.5,Arterial,Good,Clear,Two-Wheeler,9,synthetic_trichyguard_not_real_stats
Zone_2_Cantonment,Medium,37.3,Arterial,Good,Clear,Two-Wheeler,5,synthetic_trichyguard_not_real_stats
Zone_2_Cantonment,High,39.0,Local,Good,Clear,Car,13,synthetic_trichyguard_not_real_stats
Zone_3_ThillaiNagar,Medium,26.7,Local,Good,Clear,Two-Wheeler,5,synthetic_trichyguard_not_real_stats
Zone_3_ThillaiNagar,Medium,41.0,Local,Good,Clear,Two-Wheeler,21,synthetic_trichyguard_not_real_stats
Zone_5_Ariyamangalam,High,51.6,Arterial,Good,Clear,Car,4,synthetic_trichyguard_not_real_stats
Zone_3_ThillaiNagar,High,43.3,Arterial,Good,Clear,Auto-Rickshaw,16,synthetic_trichyguard_not_real_stats
Zone_4_Rockfort,Medium,26.3,Local,Fair,Clear,Two-Wheeler,6,synthetic_trichyguard_not_real_stats
Zone_1_Srirangam,Medium,26.4,Arterial,Good,Clear,Two-Wheeler,21,synthetic_trichyguard_not_real_stats
Zone_5_Ariyamangalam,High,32.7,Arterial,Good,Clear,Truck,18,synthetic_trichyguard_not_real_stats
Zone_1_Srirangam,Low,28.7,Local,Fair,Clear,Two-Wheeler,14,synthetic_trichyguard_not_real_stats
Zone_2_Cantonment,High,37.8,Arterial,Poor,Clear,Two-Wheeler,11,synthetic_trichyguard_not_real_stats
Zone_3_ThillaiNagar,Medium,41.4,Arterial,Good,Foggy,Two-Wheeler,16,synthetic_trichyguard_not_real_stats
Zone_3_ThillaiNagar,High,28.3,Local,Poor,Clear,Truck,6,synthetic_trichyguard_not_real_stats
Zone_1_Srirangam,Medium,32.2,Local,Good,Clear,Car,12,synthetic_trichyguard_not_real_stats
Zone_5_Ariyamangalam,Medium,50.3,Highway,Good,Clear,Two-Wheeler,19,synthetic_trichyguard_not_real_stats
Zone_4_Rockfort,High,26.4,Arterial,Fair,Clear,Auto-Rickshaw,21,synthetic_trichyguard_not_real_stats
Zone_2_Cantonment,Medium,36.1,Arterial,Fair,Rainy,Car,10,synthetic_trichyguard_not_real_stats
Zone_1_Srirangam,Medium,34.3,Arterial,Fair,Rainy,Two-Wheeler,8,synthetic_trichyguard_not_real_stats
Zone_4_Rockfort,High,26.7,Local,Fair,Clear,Auto-Rickshaw,19,synthetic_trichyguard_not_real_stats
Zone_1_Srirangam,Medium,21.0,Local,Good,Clear,Car,15,synthetic_trichyguard_not_real_stats
Zone_3_ThillaiNagar,Medium,36.9,Local,Good,Rainy,Auto-Rickshaw,18,synthetic_trichyguard_not_real_stats
Zone_5_Ariyamangalam,High,54.5,Local,Fair,Clear,Two-Wheeler,10,synthetic_trichyguard_not_real_stats
Zone_2_Cantonment,Medium,32.3,Arterial,Good,Rainy,Two-Wheeler,5,synthetic_trichyguard_not_real_stats
Zone_4_Rockfort,Medium,29.7,Local,Poor,Clear,Auto-Rickshaw,13,synthetic_trichyguard_not_real_stats
Zone_5_Ariyamangalam,Medium,50.5,Highway,Poor,Foggy,Bus,0,synthetic_trichyguard_not_real_stats
Zone_3_ThillaiNagar,Medium,34.8,Local,Fair,Clear,Auto-Rickshaw,23,synthetic_trichyguard_not_real_stats
Zone_3_ThillaiNagar,High,34.5,Arterial,Good,Clear,Car,3,synthetic_trichyguard_not_real_stats
Zone_5_Ariyamangalam,Medium,50.6,Local,Good,Clear,Two-Wheeler,2,synthetic_trichyguard_not_real_stats
Zone_5_Ariyamangalam,Medium,44.1,Highway,Good,Clear,Car,6,synthetic_trichyguard_not_real_stats
Zone_1_Srirangam,Medium,26.3,Local,Good,Rainy,Car,12,synthetic_trichyguard_not_real_stats
Zone_5_Ariyamangalam,Medium,54.8,Highway,Good,Foggy,Bus,10,synthetic_trichyguard_not_real_stats
Zone_4_Rockfort,Medium,25.0,Local,Poor,Clear,Two-Wheeler,23,synthetic_trichyguard_not_real_stats
Zone_2_Cantonment,Medium,29.4,Local,Fair,Clear,Car,15,synthetic_trichyguard_not_real_stats
Zone_1_Srirangam,Low,27.3,Local,Good,Clear,Car,15,synthetic_trichyguard_not_real_stats
Zone_4_Rockfort,Medium,35.6,Local,Fair,Clear,Two-Wheeler,13,synthetic_trichyguard_not_real_stats
Zone_5_Ariyamangalam,Medium,68.4,Local,Fair,Clear,Two-Wheeler,12,synthetic_trichyguard_not_real_stats
Zone_3_ThillaiNagar,Medium,24.1,Local,Good,Rainy,Two-Wheeler,13,synthetic_trichyguard_not_real_stats
Zone_5_Ariyamangalam,Medium,43.0,Highway,Poor,Clear,Bus,18,synthetic_trichyguard_not_real_stats
Zone_4_Rockfort,High,24.1,Local,Good,Rainy,Two-Wheeler,18,synthetic_trichyguard_not_real_stats
Zone_2_Cantonment,High,30.8,Arterial,Fair,Clear,Auto-Rickshaw,2,synthetic_trichyguard_not_real_stats
Zone_2_Cantonment,Medium,44.5,Highway,Fair,Clear,Car,3,synthetic_trichyguard_not_real_stats
Zone_5_Ariyamangalam,High,54.8,Highway,Fair,Clear,Two-Wheeler,16,synthetic_trichyguard_not_real_stats
Zone_5_Ariyamangalam,High,26.7,Local,Fair,Clear,Truck,16,synthetic_trichyguard_not_real_stats
Zone_2_Cantonment,Medium,31.9,Arterial,Good,Foggy,Two-Wheeler,9,synthetic_trichyguard_not_real_stats
Zone_3_ThillaiNagar,High,32.2,Local,Good,Clear,Two-Wheeler,17,synthetic_trichyguard_not_real_stats
Zone_4_Rockfort,Low,15.9,Local,Good,Clear,Two-Wheeler,6,synthetic_trichyguard_not_real_stats
Zone_3_ThillaiNagar,Medium,16.2,Arterial,Poor,Clear,Two-Wheeler,13,synthetic_trichyguard_not_real_stats
Zone_2_Cantonment,Low,46.1,Highway,Fair,Clear,Car,22,synthetic_trichyguard_not_real_stats
Zone_4_Rockfort,Medium,20.9,Arterial,Good,Foggy,Two-Wheeler,1,synthetic_trichyguard_not_real_stats
Zone_1_Srirangam,Low,37.6,Local,Good,Clear,Two-Wheeler,21,synthetic_trichyguard_not_real_stats
Zone_4_Rockfort,Medium,35.0,Arterial,Poor,Clear,Car,18,synthetic_trichyguard_not_real_stats
Zone_3_ThillaiNagar,Low,53.3,Arterial,Good,Clear,Car,15,synthetic_trichyguard_not_real_stats
Zone_3_ThillaiNagar,High,16.6,Arterial,Fair,Clear,Two-Wheeler,22,synthetic_trichyguard_not_real_stats
Zone_4_Rockfort,High,20.8,Local,Good,Clear,Car,22,synthetic_trichyguard_not_real_stats
Zone_5_Ariyamangalam,High,40.6,Highway,Fair,Clear,Car,21,synthetic_trichyguard_not_real_stats
Zone_4_Rockfort,Medium,21.1,Local,Fair,Clear,Auto-Rickshaw,0,synthetic_trichyguard_not_real_stats
Zone_2_Cantonment,Medium,51.4,Arterial,Fair,Rainy,Car,6,synthetic_trichyguard_not_real_stats
Zone_4_Rockfort,High,31.7,Local,Poor,Clear,Bus,18,synthetic_trichyguard_not_real_stats
Zone_3_ThillaiNagar,Low,24.5,Local,Good,Clear,Two-Wheeler,21,synthetic_trichyguard_not_real_stats
Zone_5_Ariyamangalam,Low,48.4,Highway,Good,Foggy,Auto-Rickshaw,0,synthetic_trichyguard_not_real_stats
Zone_5_Ariyamangalam,Medium,53.7,Arterial,Good,Clear,Two-Wheeler,17,synthetic_trichyguard_not_real_stats
Zone_5_Ariyamangalam,Medium,58.3,Highway,Fair,Clear,Bus,7,synthetic_trichyguard_not_real_stats
Zone_1_Srirangam,Low,25.7,Arterial,Good,Clear,Two-Wheeler,11,synthetic_trichyguard_not_real_stats
Zone_3_ThillaiNagar,High,18.2,Arterial,Good,Foggy,Two-Wheeler,1,synthetic_trichyguard_not_real_stats
Zone_5_Ariyamangalam,Medium,29.6,Highway,Poor,Clear,Two-Wheeler,2,synthetic_trichyguard_not_real_stats
Zone_5_Ariyamangalam,Low,34.8,Highway,Good,Foggy,Bus,0,synthetic_trichyguard_not_real_stats
Zone_3_ThillaiNagar,High,18.2,Arterial,Good,Clear,Two-Wheeler,1,synthetic_trichyguard_not_real_stats
Zone_1_Srirangam,Medium,34.5,Arterial,Good,Clear,Car,2,synthetic_trichyguard_not_real_stats
Zone_5_Ariyamangalam,High,52.3,Highway,Fair,Clear,Two-Wheeler,12,synthetic_trichyguard_not_real_stats
Zone_5_Ariyamangalam,Low,43.3,Highway,Poor,Clear,Car,21,synthetic_trichyguard_not_real_stats
Zone_3_ThillaiNagar,High,29.9,Arterial,Good,Clear,Two-Wheeler,15,synthetic_trichyguard_not_real_stats
Zone_3_ThillaiNagar,Medium,38.8,Arterial,Good,Rainy,Two-Wheeler,17,synthetic_trichyguard_not_real_stats
Zone_4_Rockfort,High,22.6,Local,Good,Clear,Two-Wheeler,17,synthetic_trichyguard_not_real_stats
Zone_1_Srirangam,Medium,36.2,Local,Good,Foggy,Car,5,synthetic_trichyguard_not_real_stats
Zone_2_Cantonment,High,37.0,Local,Fair,Rainy,Two-Wheeler,16,synthetic_trichyguard_not_real_stats
Zone_2_Cantonment,Medium,52.7,Highway,Poor,Clear,Car,8,synthetic_trichyguard_not_real_stats
Zone_2_Cantonment,High,53.5,Local,Fair,Clear,Bus,4,synthetic_trichyguard_not_real_stats
Zone_2_Cantonment,Medium,31.8,Highway,Fair,Clear,Two-Wheeler,12,synthetic_trichyguard_not_real_stats
Zone_2_Cantonment,Medium,41.4,Arterial,Fair,Rainy,Car,7,synthetic_trichyguard_not_real_stats
Zone_1_Srirangam,High,24.8,Arterial,Good,Clear,Two-Wheeler,6,synthetic_trichyguard_not_real_stats
Zone_3_ThillaiNagar,High,29.4,Local,Good,Clear,Car,15,synthetic_trichyguard_not_real_stats
Zone_3_ThillaiNagar,Medium,30.8,Arterial,Good,Clear,Two-Wheeler,6,synthetic_trichyguard_not_real_stats
Zone_2_Cantonment,Medium,39.8,Local,Fair,Clear,Two-Wheeler,13,synthetic_trichyguard_not_real_stats
Zone_1_Srirangam,Medium,37.4,Arterial,Poor,Clear,Car,14,synthetic_trichyguard_not_real_stats
Zone_4_Rockfort,Medium,24.7,Local,Poor,Clear,Two-Wheeler,13,synthetic_trichyguard_not_real_stats
Zone_4_Rockfort,Medium,29.1,Highway,Fair,Foggy,Auto-Rickshaw,17,synthetic_trichyguard_not_real_stats
Zone_4_Rockfort,Medium,10.3,Highway,Poor,Clear,Two-Wheeler,7,synthetic_trichyguard_not_real_stats
Zone_1_Srirangam,Low,20.5,Arterial,Poor,Foggy,Truck,13,synthetic_trichyguard_not_real_stats
Zone_5_Ariyamangalam,Medium,56.9,Highway,Fair,Clear,Truck,0,synthetic_trichyguard_not_real_stats
Zone_4_Rockfort,Medium,20.4,Arterial,Fair,Rainy,Auto-Rickshaw,8,synthetic_trichyguard_not_real_stats
Zone_3_ThillaiNagar,High,33.3,Local,Fair,Clear,Car,22,synthetic_trichyguard_not_real_stats
Zone_2_Cantonment,Medium,42.0,Arterial,Fair,Clear,Car,13,synthetic_trichyguard_not_real_stats
Zone_5_Ariyamangalam,Low,60.9,Local,Fair,Foggy,Two-Wheeler,4,synthetic_trichyguard_not_real_stats
Zone_2_Cantonment,Medium,47.1,Local,Good,Clear,Bus,12,synthetic_trichyguard_not_real_stats
Zone_3_ThillaiNagar,High,21.6,Local,Poor,Clear,Two-Wheeler,3,synthetic_trichyguard_not_real_stats
Zone_2_Cantonment,High,28.3,Highway,Poor,Clear,Car,16,synthetic_trichyguard_not_real_stats
Zone_1_Srirangam,Medium,10.0,Arterial,Good,Clear,Two-Wheeler,2,synthetic_trichyguard_not_real_stats
Zone_1_Srirangam,Low,35.3,Highway,Fair,Clear,Car,10,synthetic_trichyguard_not_real_stats
Zone_3_ThillaiNagar,High,19.2,Arterial,Good,Clear,Two-Wheeler,10,synthetic_trichyguard_not_real_stats
Zone_4_Rockfort,Low,29.1,Local,Good,Clear,Two-Wheeler,6,synthetic_trichyguard_not_real_stats
Zone_4_Rockfort,Low,39.3,Local,Good,Rainy,Auto-Rickshaw,13,synthetic_trichyguard_not_real_stats
Zone_2_Cantonment,High,40.0,Arterial,Good,Clear,Car,14,synthetic_trichyguard_not_real_stats
Zone_3_ThillaiNagar,Medium,28.2,Local,Poor,Clear,Two-Wheeler,9,synthetic_trichyguard_not_real_stats
Zone_3_ThillaiNagar,Low,34.8,Arterial,Fair,Clear,Two-Wheeler,6,synthetic_trichyguard_not_real_stats
Zone_1_Srirangam,Medium,30.4,Local,Fair,Clear,Car,16,synthetic_trichyguard_not_real_stats
Zone_4_Rockfort,High,15.1,Highway,Fair,Clear,Two-Wheeler,3,synthetic_trichyguard_not_real_stats
Zone_4_Rockfort,Medium,31.9,Arterial,Fair,Clear,Car,20,synthetic_trichyguard_not_real_stats
Zone_5_Ariyamangalam,Low,51.4,Highway,Fair,Rainy,Truck,14,synthetic_trichyguard_not_real_stats
Zone_1_Srirangam,Medium,28.0,Local,Good,Clear,Two-Wheeler,21,synthetic_trichyguard_not_real_stats
Zone_4_Rockfort,High,26.8,Local,Fair,Rainy,Two-Wheeler,16,synthetic_trichyguard_not_real_stats
Zone_4_Rockfort,Low,25.0,Local,Fair,Clear,Two-Wheeler,21,synthetic_trichyguard_not_real_stats
Zone_2_Cantonment,Medium,39.3,Arterial,Fair,Clear,Car,19,synthetic_trichyguard_not_real_stats
Zone_4_Rockfort,Low,16.4,Local,Good,Clear,Auto-Rickshaw,19,synthetic_trichyguard_not_real_stats
Zone_2_Cantonment,High,39.1,Highway,Good,Rainy,Auto-Rickshaw,12,synthetic_trichyguard_not_real_stats
Zone_4_Rockfort,Medium,33.2,Arterial,Fair,Rainy,Bus,9,synthetic_trichyguard_not_real_stats
Zone_2_Cantonment,High,31.5,Arterial,Fair,Clear,Two-Wheeler,20,synthetic_trichyguard_not_real_stats
Zone_1_Srirangam,Low,26.8,Arterial,Good,Clear,Car,10,synthetic_trichyguard_not_real_stats
Zone_2_Cantonment,High,46.9,Arterial,Good,Clear,Car,7,synthetic_trichyguard_not_real_stats
Zone_4_Rockfort,High,22.5,Local,Fair,Rainy,Two-Wheeler,7,synthetic_trichyguard_not_real_stats
Zone_1_Srirangam,High,28.4,Arterial,Good,Clear,Car,0,synthetic_trichyguard_not_real_stats
Zone_3_ThillaiNagar,High,36.5,Arterial,Fair,Clear,Car,2,synthetic_trichyguard_not_real_stats
Zone_4_Rockfort,Low,32.8,Highway,Fair,Clear,Car,21,synthetic_trichyguard_not_real_stats
Zone_4_Rockfort,Medium,23.3,Arterial,Good,Foggy,Car,18,synthetic_trichyguard_not_real_stats
Zone_5_Ariyamangalam,Medium,74.9,Highway,Good,Clear,Truck,22,synthetic_trichyguard_not_real_stats
Zone_5_Ariyamangalam,High,51.0,Highway,Good,Clear,Two-Wheeler,9,synthetic_trichyguard_not_real_stats
Zone_1_Srirangam,Medium,31.9,Highway,Fair,Clear,Two-Wheeler,16,synthetic_trichyguard_not_real_stats
Zone_3_ThillaiNagar,High,26.5,Arterial,Good,Clear,Two-Wheeler,4,synthetic_trichyguard_not_real_stats
Zone_2_Cantonment,High,39.6,Arterial,Fair,Rainy,Bus,10,synthetic_trichyguard_not_real_stats
Zone_5_Ariyamangalam,High,50.5,Local,Poor,Foggy,Two-Wheeler,23,synthetic_trichyguard_not_real_stats
Zone_3_ThillaiNagar,High,27.2,Arterial,Fair,Clear,Car,5,synthetic_trichyguard_not_real_stats
Zone_3_ThillaiNagar,High,23.4,Arterial,Good,Rainy,Two-Wheeler,5,synthetic_trichyguard_not_real_stats
Zone_1_Srirangam,High,36.5,Arterial,Fair,Clear,Two-Wheeler,4,synthetic_trichyguard_not_real_stats
Zone_2_Cantonment,Medium,51.4,Arterial,Fair,Clear,Truck,10,synthetic_trichyguard_not_real_stats
Zone_1_Srirangam,Medium,26.9,Arterial,Fair,Rainy,Two-Wheeler,18,synthetic_trichyguard_not_real_stats
Zone_3_ThillaiNagar,Low,35.0,Arterial,Fair,Clear,Two-Wheeler,15,synthetic_trichyguard_not_real_stats
Zone_2_Cantonment,High,38.6,Local,Fair,Rainy,Auto-Rickshaw,17,synthetic_trichyguard_not_real_stats
Zone_4_Rockfort,High,14.4,Local,Poor,Clear,Two-Wheeler,13,synthetic_trichyguard_not_real_stats
Zone_5_Ariyamangalam,High,80.0,Highway,Good,Clear,Two-Wheeler,13,synthetic_trichyguard_not_real_stats
Zone_2_Cantonment,Medium,50.8,Arterial,Fair,Clear,Car,0,synthetic_trichyguard_not_real_stats
Zone_5_Ariyamangalam,High,57.3,Local,Fair,Clear,Bus,22,synthetic_trichyguard_not_real_stats
Zone_4_Rockfort,Low,31.3,Highway,Fair,Clear,Auto-Rickshaw,7,synthetic_trichyguard_not_real_stats
Zone_1_Srirangam,Medium,28.4,Arterial,Poor,Rainy,Two-Wheeler,20,synthetic_trichyguard_not_real_stats
Zone_1_Srirangam,Low,42.3,Arterial,Fair,Clear,Two-Wheeler,5,synthetic_trichyguard_not_real_stats
Zone_3_ThillaiNagar,Medium,27.5,Arterial,Good,Clear,Car,6,synthetic_trichyguard_not_real_stats
Zone_1_Srirangam,Low,22.0,Arterial,Fair,Rainy,Car,12,synthetic_trichyguard_not_real_stats
Zone_2_Cantonment,High,21.3,Arterial,Fair,Rainy,Car,4,synthetic_trichyguard_not_real_stats
Zone_5_Ariyamangalam,Low,55.9,Highway,Fair,Clear,Truck,16,synthetic_trichyguard_not_real_stats
Zone_2_Cantonment,Medium,46.3,Arterial,Good,Clear,Auto-Rickshaw,0,synthetic_trichyguard_not_real_stats
Zone_5_Ariyamangalam,Medium,49.6,Highway,Good,Rainy,Two-Wheeler,17,synthetic_trichyguard_not_real_stats
Zone_4_Rockfort,High,24.7,Local,Fair,Clear,Two-Wheeler,18,synthetic_trichyguard_not_real_stats
Zone_5_Ariyamangalam,Medium,41.8,Arterial,Fair,Clear,Truck,21,synthetic_trichyguard_not_real_stats
Zone_3_ThillaiNagar,High,26.3,Local,Good,Clear,Two-Wheeler,17,synthetic_trichyguard_not_real_stats
Zone_1_Srirangam,Medium,30.6,Local,Good,Rainy,Two-Wheeler,16,synthetic_trichyguard_not_real_stats
Zone_2_Cantonment,High,36.9,Highway,Good,Rainy,Two-Wheeler,18,synthetic_trichyguard_not_real_stats
Zone_2_Cantonment,High,31.2,Highway,Good,Clear,Car,5,synthetic_trichyguard_not_real_stats
Zone_1_Srirangam,Medium,25.1,Highway,Good,Clear,Two-Wheeler,2,synthetic_trichyguard_not_real_stats
Zone_4_Rockfort,Medium,26.5,Highway,Poor,Clear,Two-Wheeler,6,synthetic_trichyguard_not_real_stats
Zone_5_Ariyamangalam,Medium,48.3,Highway,Good,Clear,Bus,21,synthetic_trichyguard_not_real_stats
Zone_2_Cantonment,High,41.9,Arterial,Good,Clear,Two-Wheeler,15,synthetic_trichyguard_not_real_stats
Zone_3_ThillaiNagar,Medium,17.8,Local,Good,Rainy,Two-Wheeler,4,synthetic_trichyguard_not_real_stats
Zone_2_Cantonment,Medium,45.0,Arterial,Fair,Clear,Car,16,synthetic_trichyguard_not_real_stats
Zone_1_Srirangam,Low,40.1,Local,Poor,Foggy,Two-Wheeler,22,synthetic_trichyguard_not_real_stats
Zone_3_ThillaiNagar,Medium,21.5,Local,Good,Clear,Car,21,synthetic_trichyguard_not_real_stats
Zone_4_Rockfort,Medium,37.3,Arterial,Good,Clear,Car,23,synthetic_trichyguard_not_real_stats
Zone_2_Cantonment,High,38.2,Arterial,Fair,Clear,Truck,18,synthetic_trichyguard_not_real_stats
Zone_5_Ariyamangalam,High,40.0,Highway,Fair,Clear,Truck,12,synthetic_trichyguard_not_real_stats
Zone_3_ThillaiNagar,Medium,24.2,Arterial,Good,Clear,Two-Wheeler,13,synthetic_trichyguard_not_real_stats
Zone_2_Cantonment,High,29.8,Arterial,Poor,Foggy,Auto-Rickshaw,15,synthetic_trichyguard_not_real_stats
Zone_5_Ariyamangalam,Low,66.9,Highway,Poor,Clear,Truck,9,synthetic_trichyguard_not_real_stats
Zone_3_ThillaiNagar,Low,28.9,Local,Good,Clear,Two-Wheeler,13,synthetic_trichyguard_not_real_stats
Zone_5_Ariyamangalam,Medium,67.3,Local,Good,Rainy,Truck,15,synthetic_trichyguard_not_real_stats
Zone_3_ThillaiNagar,Low,30.5,Arterial,Fair,Clear,Two-Wheeler,3,synthetic_trichyguard_not_real_stats
Zone_5_Ariyamangalam,High,67.7,Arterial,Poor,Clear,Bus,7,synthetic_trichyguard_not_real_stats
Zone_5_Ariyamangalam,Low,34.2,Highway,Good,Clear,Truck,11,synthetic_trichyguard_not_real_stats
Zone_2_Cantonment,High,31.7,Local,Fair,Rainy,Two-Wheeler,20,synthetic_trichyguard_not_real_stats
Zone_3_ThillaiNagar,Medium,30.2,Local,Good,Rainy,Two-Wheeler,1,synthetic_trichyguard_not_real_stats
Zone_4_Rockfort,Low,32.1,Local,Fair,Clear,Two-Wheeler,8,synthetic_trichyguard_not_real_stats
Zone_5_Ariyamangalam,High,49.2,Highway,Poor,Clear,Car,18,synthetic_trichyguard_not_real_stats
Zone_2_Cantonment,Medium,36.9,Arterial,Fair,Clear,Car,19,synthetic_trichyguard_not_real_stats
Zone_2_Cantonment,Medium,50.1,Local,Fair,Clear,Two-Wheeler,14,synthetic_trichyguard_not_real_stats
Zone_3_ThillaiNagar,Low,33.9,Local,Good,Clear,Car,4,synthetic_trichyguard_not_real_stats
Zone_2_Cantonment,Medium,40.7,Arterial,Good,Clear,Two-Wheeler,18,synthetic_trichyguard_not_real_stats
Zone_1_Srirangam,Medium,34.0,Local,Good,Rainy,Two-Wheeler,3,synthetic_trichyguard_not_real_stats
Zone_5_Ariyamangalam,Medium,41.3,Arterial,Good,Clear,Truck,4,synthetic_trichyguard_not_real_stats
Zone_3_ThillaiNagar,Low,22.0,Local,Poor,Clear,Truck,11,synthetic_trichyguard_not_real_stats
Zone_1_Srirangam,Medium,36.7,Local,Poor,Rainy,Two-Wheeler,21,synthetic_trichyguard_not_real_stats
Zone_5_Ariyamangalam,Low,42.9,Local,Poor,Clear,Two-Wheeler,22,synthetic_trichyguard_not_real_stats
Zone_3_ThillaiNagar,Medium,10.3,Local,Poor,Clear,Two-Wheeler,14,synthetic_trichyguard_not_real_stats
Zone_3_ThillaiNagar,High,17.8,Arterial,Fair,Clear,Two-Wheeler,20,synthetic_trichyguard_not_real_stats
Zone_4_Rockfort,High,29.4,Local,Good,Foggy,Two-Wheeler,22,synthetic_trichyguard_not_real_stats
Zone_2_Cantonment,High,43.7,Local,Good,Clear,Two-Wheeler,4,synthetic_trichyguard_not_real_stats
Zone_3_ThillaiNagar,High,26.5,Arterial,Good,Clear,Car,7,synthetic_trichyguard_not_real_stats
Zone_2_Cantonment,High,32.5,Arterial,Fair,Rainy,Car,10,synthetic_trichyguard_not_real_stats
Zone_1_Srirangam,Low,30.3,Arterial,Fair,Clear,Car,6,synthetic_trichyguard_not_real_stats
Zone_2_Cantonment,High,38.9,Arterial,Poor,Clear,Two-Wheeler,18,synthetic_trichyguard_not_real_stats
Zone_4_Rockfort,High,20.0,Local,Poor,Foggy,Two-Wheeler,20,synthetic_trichyguard_not_real_stats
Zone_1_Srirangam,Low,31.3,Local,Good,Clear,Car,13,synthetic_trichyguard_not_real_stats
Zone_4_Rockfort,Medium,21.1,Highway,Fair,Clear,Bus,9,synthetic_trichyguard_not_real_stats
Zone_4_Rockfort,High,37.0,Arterial,Good,Clear,Auto-Rickshaw,14,synthetic_trichyguard_not_real_stats
Zone_1_Srirangam,Medium,22.1,Arterial,Fair,Clear,Two-Wheeler,3,synthetic_trichyguard_not_real_stats
Zone_4_Rockfort,High,33.2,Arterial,Poor,Clear,Car,19,synthetic_trichyguard_not_real_stats
Zone_5_Ariyamangalam,Medium,61.2,Highway,Fair,Clear,Truck,23,synthetic_trichyguard_not_real_stats
Zone_2_Cantonment,High,53.6,Arterial,Good,Clear,Two-Wheeler,19,synthetic_trichyguard_not_real_stats
Zone_1_Srirangam,High,23.7,Arterial,Poor,Clear,Auto-Rickshaw,23,synthetic_trichyguard_not_real_stats
Zone_4_Rockfort,Medium,14.1,Arterial,Fair,Clear,Auto-Rickshaw,3,synthetic_trichyguard_not_real_stats
Zone_1_Srirangam,Medium,39.8,Arterial,Poor,Clear,Auto-Rickshaw,18,synthetic_trichyguard_not_real_stats
Zone_4_Rockfort,Low,30.6,Local,Fair,Clear,Auto-Rickshaw,9,synthetic_trichyguard_not_real_stats
Zone_2_Cantonment,High,31.8,Local,Good,Clear,Car,18,synthetic_trichyguard_not_real_stats
Zone_3_ThillaiNagar,High,25.3,Arterial,Poor,Clear,Car,16,synthetic_trichyguard_not_real_stats
Zone_2_Cantonment,High,17.4,Arterial,Fair,Clear,Two-Wheeler,13,synthetic_trichyguard_not_real_stats
Zone_4_Rockfort,Medium,37.2,Arterial,Fair,Clear,Bus,7,synthetic_trichyguard_not_real_stats
Zone_4_Rockfort,High,17.9,Local,Good,Clear,Two-Wheeler,12,synthetic_trichyguard_not_real_stats
Zone_4_Rockfort,Medium,18.2,Arterial,Fair,Rainy,Two-Wheeler,3,synthetic_trichyguard_not_real_stats
Zone_1_Srirangam,Medium,35.7,Arterial,Good,Clear,Two-Wheeler,17,synthetic_trichyguard_not_real_stats
Zone_1_Srirangam,Low,27.7,Arterial,Good,Clear,Car,6,synthetic_trichyguard_not_real_stats
Zone_1_Srirangam,Low,26.9,Arterial,Fair,Rainy,Two-Wheeler,23,synthetic_trichyguard_not_real_stats
Zone_3_ThillaiNagar,High,27.7,Local,Good,Clear,Car,0,synthetic_trichyguard_not_real_stats
Zone_4_Rockfort,Medium,37.6,Local,Fair,Clear,Two-Wheeler,23,synthetic_trichyguard_not_real_stats
Zone_5_Ariyamangalam,High,37.3,Local,Good,Foggy,Car,23,synthetic_trichyguard_not_real_stats
Zone_1_Srirangam,Medium,39.5,Local,Fair,Rainy,Two-Wheeler,1,synthetic_trichyguard_not_real_stats
Zone_1_Srirangam,Medium,34.5,Local,Good,Foggy,Auto-Rickshaw,16,synthetic_trichyguard_not_real_stats
Zone_4_Rockfort,High,21.7,Arterial,Poor,Foggy,Two-Wheeler,15,synthetic_trichyguard_not_real_stats
Zone_3_ThillaiNagar,High,24.3,Arterial,Good,Clear,Auto-Rickshaw,1,synthetic_trichyguard_not_real_stats
Zone_5_Ariyamangalam,High,59.1,Arterial,Poor,Rainy,Truck,0,synthetic_trichyguard_not_real_stats
Zone_1_Srirangam,Low,19.2,Arterial,Fair,Clear,Bus,23,synthetic_trichyguard_not_real_stats
Zone_2_Cantonment,Low,41.6,Highway,Good,Foggy,Truck,17,synthetic_trichyguard_not_real_stats
Zone_5_Ariyamangalam,High,54.9,Local,Poor,Clear,Truck,13,synthetic_trichyguard_not_real_stats
Zone_5_Ariyamangalam,Medium,63.4,Highway,Good,Clear,Truck,13,synthetic_trichyguard_not_real_stats
Zone_5_Ariyamangalam,High,62.6,Arterial,Good,Clear,Bus,11,synthetic_trichyguard_not_real_stats
Zone_5_Ariyamangalam,Medium,60.8,Local,Good,Rainy,Two-Wheeler,5,synthetic_trichyguard_not_real_stats
Zone_5_Ariyamangalam,High,61.0,Highway,Poor,Clear,Car,15,synthetic_trichyguard_not_real_stats
Zone_4_Rockfort,High,17.6,Arterial,Fair,Clear,Two-Wheeler,7,synthetic_trichyguard_not_real_stats
Zone_5_Ariyamangalam,Medium,54.7,Local,Fair,Clear,Two-Wheeler,17,synthetic_trichyguard_not_real_stats
Zone_5_Ariyamangalam,Medium,58.1,Highway,Poor,Clear,Two-Wheeler,18,synthetic_trichyguard_not_real_stats
Zone_2_Cantonment,High,50.2,Arterial,Good,Foggy,Two-Wheeler,23,synthetic_trichyguard_not_real_stats
Zone_3_ThillaiNagar,High,38.2,Local,Good,Clear,Two-Wheeler,23,synthetic_trichyguard_not_real_stats
Zone_3_ThillaiNagar,High,17.8,Arterial,Poor,Rainy,Two-Wheeler,12,synthetic_trichyguard_not_real_stats
Zone_1_Srirangam,High,45.4,Local,Fair,Clear,Two-Wheeler,10,synthetic_trichyguard_not_real_stats
Zone_1_Srirangam,Low,37.4,Arterial,Poor,Clear,Two-Wheeler,12,synthetic_trichyguard_not_real_stats
Zone_4_Rockfort,High,25.1,Local,Good,Clear,Auto-Rickshaw,9,synthetic_trichyguard_not_real_stats
Zone_5_Ariyamangalam,Low,66.4,Highway,Good,Clear,Bus,21,synthetic_trichyguard_not_real_stats
Zone_3_ThillaiNagar,Low,23.8,Arterial,Good,Rainy,Two-Wheeler,9,synthetic_trichyguard_not_real_stats
Zone_1_Srirangam,Medium,28.1,Arterial,Good,Clear,Auto-Rickshaw,20,synthetic_trichyguard_not_real_stats
Zone_3_ThillaiNagar,Medium,30.3,Arterial,Fair,Rainy,Two-Wheeler,15,synthetic_trichyguard_not_real_stats
Zone_3_ThillaiNagar,High,37.6,Arterial,Good,Clear,Two-Wheeler,15,synthetic_trichyguard_not_real_stats
Zone_3_ThillaiNagar,High,34.7,Arterial,Good,Clear,Car,23,synthetic_trichyguard_not_real_stats
Zone_1_Srirangam,Medium,28.6,Arterial,Fair,Clear,Car,20,synthetic_trichyguard_not_real_stats
Zone_5_Ariyamangalam,High,32.1,Highway,Good,Clear,Truck,9,synthetic_trichyguard_not_real_stats
Zone_1_Srirangam,Low,28.3,Arterial,Poor,Clear,Auto-Rickshaw,13,synthetic_trichyguard_not_real_stats
Zone_3_ThillaiNagar,High,36.1,Highway,Fair,Clear,Two-Wheeler,14,synthetic_trichyguard_not_real_stats
Zone_5_Ariyamangalam,Low,25.3,Highway,Good,Clear,Auto-Rickshaw,23,synthetic_trichyguard_not_real_stats
Zone_3_ThillaiNagar,High,36.4,Local,Fair,Clear,Car,4,synthetic_trichyguard_not_real_stats
Zone_3_ThillaiNagar,Low,25.9,Local,Fair,Clear,Car,20,synthetic_trichyguard_not_real_stats
Zone_2_Cantonment,High,38.3,Highway,Poor,Clear,Car,9,synthetic_trichyguard_not_real_stats
Zone_1_Srirangam,Medium,32.3,Arterial,Fair,Clear,Auto-Rickshaw,23,synthetic_trichyguard_not_real_stats
Zone_5_Ariyamangalam,Low,56.9,Highway,Fair,Clear,Two-Wheeler,23,synthetic_trichyguard_not_real_stats
Zone_4_Rockfort,Medium,26.2,Local,Fair,Clear,Two-Wheeler,21,synthetic_trichyguard_not_real_stats
Zone_3_ThillaiNagar,Low,26.5,Local,Good,Foggy,Two-Wheeler,12,synthetic_trichyguard_not_real_stats
Zone_5_Ariyamangalam,Low,47.2,Local,Good,Clear,Truck,5,synthetic_trichyguard_not_real_stats
Zone_3_ThillaiNagar,Medium,23.8,Arterial,Fair,Clear,Bus,18,synthetic_trichyguard_not_real_stats
Zone_2_Cantonment,Medium,28.7,Arterial,Good,Clear,Two-Wheeler,4,synthetic_trichyguard_not_real_stats
Zone_2_Cantonment,Medium,50.9,Highway,Good,Rainy,Car,8,synthetic_trichyguard_not_real_stats
Zone_5_Ariyamangalam,Low,60.9,Arterial,Fair,Clear,Two-Wheeler,0,synthetic_trichyguard_not_real_stats
Zone_4_Rockfort,Medium,23.4,Local,Good,Clear,Car,4,synthetic_trichyguard_not_real_stats
Zone_1_Srirangam,High,33.4,Arterial,Fair,Clear,Two-Wheeler,20,synthetic_trichyguard_not_real_stats
Zone_1_Srirangam,Medium,41.1,Highway,Good,Foggy,Two-Wheeler,1,synthetic_trichyguard_not_real_stats
Zone_1_Srirangam,Low,19.9,Local,Good,Clear,Auto-Rickshaw,18,synthetic_trichyguard_not_real_stats
Zone_2_Cantonment,High,36.6,Arterial,Good,Rainy,Two-Wheeler,18,synthetic_trichyguard_not_real_stats
Zone_4_Rockfort,High,23.8,Local,Good,Clear,Car,9,synthetic_trichyguard_not_real_stats
Zone_4_Rockfort,High,39.4,Highway,Good,Clear,Two-Wheeler,20,synthetic_trichyguard_not_real_stats
Zone_2_Cantonment,Medium,36.4,Arterial,Fair,Clear,Car,6,synthetic_trichyguard_not_real_stats
Zone_1_Srirangam,Medium,31.3,Arterial,Fair,Clear,Two-Wheeler,9,synthetic_trichyguard_not_real_stats
Zone_4_Rockfort,Medium,24.5,Local,Poor,Clear,Bus,14,synthetic_trichyguard_not_real_stats
Zone_4_Rockfort,Low,10.0,Arterial,Fair,Rainy,Auto-Rickshaw,2,synthetic_trichyguard_not_real_stats
Zone_2_Cantonment,High,38.5,Arterial,Good,Clear,Car,21,synthetic_trichyguard_not_real_stats
Zone_1_Srirangam,Medium,26.1,Arterial,Good,Foggy,Two-Wheeler,6,synthetic_trichyguard_not_real_stats
Zone_1_Srirangam,Low,40.9,Arterial,Poor,Clear,Two-Wheeler,1,synthetic_trichyguard_not_real_stats
Zone_2_Cantonment,High,33.5,Arterial,Fair,Clear,Two-Wheeler,8,synthetic_trichyguard_not_real_stats
Zone_4_Rockfort,Low,39.5,Local,Fair,Clear,Two-Wheeler,13,synthetic_trichyguard_not_real_stats
Zone_4_Rockfort,High,27.8,Local,Fair,Clear,Auto-Rickshaw,8,synthetic_trichyguard_not_real_stats
Zone_5_Ariyamangalam,Low,55.2,Highway,Good,Rainy,Two-Wheeler,16,synthetic_trichyguard_not_real_stats
Zone_4_Rockfort,Medium,23.9,Highway,Fair,Clear,Two-Wheeler,1,synthetic_trichyguard_not_real_stats
Zone_2_Cantonment,Medium,22.7,Arterial,Good,Clear,Two-Wheeler,1,synthetic_trichyguard_not_real_stats
Zone_4_Rockfort,Low,33.1,Arterial,Poor,Clear,Bus,22,synthetic_trichyguard_not_real_stats
Zone_1_Srirangam,Low,31.7,Arterial,Good,Clear,Auto-Rickshaw,15,synthetic_trichyguard_not_real_stats
Zone_1_Srirangam,Medium,33.8,Local,Fair,Clear,Two-Wheeler,3,synthetic_trichyguard_not_real_stats
Zone_1_Srirangam,Medium,25.7,Arterial,Good,Clear,Two-Wheeler,4,synthetic_trichyguard_not_real_stats
Zone_3_ThillaiNagar,Medium,32.9,Arterial,Poor,Clear,Auto-Rickshaw,9,synthetic_trichyguard_not_real_stats
Zone_3_ThillaiNagar,Medium,37.7,Arterial,Good,Foggy,Car,16,synthetic_trichyguard_not_real_stats
Zone_2_Cantonment,High,31.0,Arterial,Fair,Clear,Auto-Rickshaw,16,synthetic_trichyguard_not_real_stats
Zone_4_Rockfort,Medium,34.9,Arterial,Fair,Foggy,Car,5,synthetic_trichyguard_not_real_stats
Zone_1_Srirangam,Medium,27.7,Local,Fair,Clear,Two-Wheeler,5,synthetic_trichyguard_not_real_stats
Zone_1_Srirangam,Medium,23.8,Arterial,Good,Rainy,Two-Wheeler,7,synthetic_trichyguard_not_real_stats
Zone_3_ThillaiNagar,High,21.9,Highway,Good,Clear,Two-Wheeler,8,synthetic_trichyguard_not_real_stats
Zone_5_Ariyamangalam,High,55.3,Highway,Good,Clear,Two-Wheeler,16,synthetic_trichyguard_not_real_stats
Zone_3_ThillaiNagar,High,16.1,Local,Good,Clear,Car,5,synthetic_trichyguard_not_real_stats
Zone_2_Cantonment,Low,23.5,Arterial,Good,Rainy,Bus,20,synthetic_trichyguard_not_real_stats
Zone_3_ThillaiNagar,High,36.0,Local,Good,Foggy,Car,14,synthetic_trichyguard_not_real_stats
Zone_2_Cantonment,High,59.3,Arterial,Poor,Clear,Car,10,synthetic_trichyguard_not_real_stats
Zone_1_Srirangam,Medium,33.5,Arterial,Fair,Clear,Auto-Rickshaw,14,synthetic_trichyguard_not_real_stats
Zone_5_Ariyamangalam,High,50.4,Highway,Good,Clear,Two-Wheeler,22,synthetic_trichyguard_not_real_stats
Zone_2_Cantonment,High,42.5,Highway,Fair,Clear,Car,1,synthetic_trichyguard_not_real_stats
Zone_3_ThillaiNagar,High,31.5,Local,Fair,Clear,Two-Wheeler,17,synthetic_trichyguard_not_real_stats
Zone_1_Srirangam,Medium,29.6,Local,Poor,Clear,Auto-Rickshaw,16,synthetic_trichyguard_not_real_stats
Zone_4_Rockfort,Low,16.9,Local,Good,Clear,Two-Wheeler,0,synthetic_trichyguard_not_real_stats
Zone_4_Rockfort,Medium,17.8,Local,Poor,Rainy,Auto-Rickshaw,10,synthetic_trichyguard_not_real_stats
Zone_4_Rockfort,Medium,37.4,Local,Fair,Clear,Two-Wheeler,6,synthetic_trichyguard_not_real_stats
Zone_2_Cantonment,High,28.0,Highway,Poor,Clear,Car,3,synthetic_trichyguard_not_real_stats
Zone_1_Srirangam,Medium,36.1,Arterial,Good,Clear,Car,8,synthetic_trichyguard_not_real_stats
Zone_5_Ariyamangalam,Medium,56.9,Highway,Good,Clear,Car,15,synthetic_trichyguard_not_real_stats
Zone_5_Ariyamangalam,High,50.3,Highway,Good,Clear,Auto-Rickshaw,3,synthetic_trichyguard_not_real_stats
Zone_1_Srirangam,Low,35.5,Arterial,Good,Rainy,Car,15,synthetic_trichyguard_not_real_stats
Zone_4_Rockfort,Medium,28.4,Local,Good,Rainy,Car,9,synthetic_trichyguard_not_real_stats
Zone_4_Rockfort,High,21.3,Local,Fair,Rainy,Truck,7,synthetic_trichyguard_not_real_stats
Zone_4_Rockfort,Medium,32.6,Arterial,Poor,Clear,Auto-Rickshaw,15,synthetic_trichyguard_not_real_stats
Zone_1_Srirangam,Low,53.4,Local,Good,Clear,Car,8,synthetic_trichyguard_not_real_stats
Zone_5_Ariyamangalam,Low,58.7,Highway,Good,Rainy,Bus,15,synthetic_trichyguard_not_real_stats
Zone_2_Cantonment,Medium,27.6,Highway,Good,Rainy,Two-Wheeler,19,synthetic_trichyguard_not_real_stats
Zone_4_Rockfort,Medium,24.0,Local,Poor,Rainy,Two-Wheeler,3,synthetic_trichyguard_not_real_stats
Zone_3_ThillaiNagar,Medium,42.5,Local,Good,Clear,Car,18,synthetic_trichyguard_not_real_stats
Zone_4_Rockfort,Medium,38.6,Local,Good,Clear,Two-Wheeler,18,synthetic_trichyguard_not_real_stats
Zone_4_Rockfort,High,27.2,Local,Poor,Clear,Auto-Rickshaw,3,synthetic_trichyguard_not_real_stats
Zone_5_Ariyamangalam,Low,55.3,Highway,Good,Clear,Two-Wheeler,20,synthetic_trichyguard_not_real_stats
Zone_4_Rockfort,Low,28.3,Highway,Fair,Rainy,Two-Wheeler,19,synthetic_trichyguard_not_real_stats
Zone_1_Srirangam,Low,34.2,Arterial,Good,Clear,Car,13,synthetic_trichyguard_not_real_stats
Zone_3_ThillaiNagar,Medium,36.7,Local,Good,Clear,Two-Wheeler,18,synthetic_trichyguard_not_real_stats
Zone_5_Ariyamangalam,High,44.0,Highway,Good,Clear,Bus,1,synthetic_trichyguard_not_real_stats
Zone_4_Rockfort,Medium,25.0,Local,Poor,Clear,Bus,9,synthetic_trichyguard_not_real_stats
Zone_1_Srirangam,Medium,38.1,Arterial,Poor,Clear,Two-Wheeler,2,synthetic_trichyguard_not_real_stats
Zone_2_Cantonment,High,57.7,Arterial,Fair,Clear,Car,2,synthetic_trichyguard_not_real_stats
Zone_4_Rockfort,Medium,16.7,Local,Poor,Clear,Car,23,synthetic_trichyguard_not_real_stats
Zone_4_Rockfort,High,19.6,Arterial,Poor,Clear,Two-Wheeler,5,synthetic_trichyguard_not_real_stats
Zone_1_Srirangam,Low,33.8,Arterial,Good,Rainy,Two-Wheeler,20,synthetic_trichyguard_not_real_stats
Zone_5_Ariyamangalam,Medium,68.4,Highway,Good,Clear,Bus,9,synthetic_trichyguard_not_real_stats
Zone_1_Srirangam,High,18.3,Arterial,Fair,Rainy,Two-Wheeler,19,synthetic_trichyguard_not_real_stats
Zone_2_Cantonment,Medium,41.1,Arterial,Fair,Clear,Two-Wheeler,0,synthetic_trichyguard_not_real_stats
Zone_3_ThillaiNagar,High,26.9,Local,Poor,Clear,Car,20,synthetic_trichyguard_not_real_stats
Zone_4_Rockfort,High,11.7,Arterial,Poor,Clear,Two-Wheeler,20,synthetic_trichyguard_not_real_stats
Zone_2_Cantonment,Low,54.1,Arterial,Good,Clear,Two-Wheeler,6,synthetic_trichyguard_not_real_stats
Zone_4_Rockfort,Medium,15.3,Arterial,Good,Clear,Auto-Rickshaw,20,synthetic_trichyguard_not_real_stats
Zone_1_Srirangam,Low,31.2,Local,Fair,Foggy,Car,7,synthetic_trichyguard_not_real_stats
Zone_1_Srirangam,Low,38.7,Arterial,Good,Clear,Car,15,synthetic_trichyguard_not_real_stats
Zone_1_Srirangam,Low,31.7,Local,Fair,Rainy,Two-Wheeler,13,synthetic_trichyguard_not_real_stats
Zone_3_ThillaiNagar,Medium,37.8,Local,Good,Clear,Bus,13,synthetic_trichyguard_not_real_stats
Zone_3_ThillaiNagar,High,28.5,Arterial,Fair,Clear,Auto-Rickshaw,16,synthetic_trichyguard_not_real_stats
Zone_2_Cantonment,High,41.3,Arterial,Fair,Clear,Two-Wheeler,13,synthetic_trichyguard_not_real_stats
Zone_5_Ariyamangalam,High,66.9,Highway,Fair,Clear,Bus,10,synthetic_trichyguard_not_real_stats
Zone_2_Cantonment,Medium,57.5,Local,Good,Clear,Car,2,synthetic_trichyguard_not_real_stats
Zone_4_Rockfort,Medium,33.8,Arterial,Fair,Rainy,Two-Wheeler,10,synthetic_trichyguard_not_real_stats
Zone_2_Cantonment,High,34.1,Arterial,Fair,Clear,Two-Wheeler,15,synthetic_trichyguard_not_real_stats
Zone_3_ThillaiNagar,Medium,31.9,Local,Fair,Clear,Car,15,synthetic_trichyguard_not_real_stats
Zone_2_Cantonment,Medium,49.2,Local,Good,Rainy,Two-Wheeler,16,synthetic_trichyguard_not_real_stats
Zone_1_Srirangam,High,35.9,Arterial,Poor,Rainy,Two-Wheeler,9,synthetic_trichyguard_not_real_stats
Zone_5_Ariyamangalam,Low,65.5,Highway,Poor,Clear,Car,20,synthetic_trichyguard_not_real_stats
Zone_1_Srirangam,Medium,31.7,Arterial,Poor,Clear,Car,10,synthetic_trichyguard_not_real_stats
Zone_4_Rockfort,Medium,34.7,Local,Fair,Clear,Two-Wheeler,9,synthetic_trichyguard_not_real_stats
Zone_1_Srirangam,Low,40.3,Arterial,Poor,Clear,Two-Wheeler,16,synthetic_trichyguard_not_real_stats
Zone_3_ThillaiNagar,Medium,22.7,Arterial,Good,Clear,Two-Wheeler,3,synthetic_trichyguard_not_real_stats
Zone_4_Rockfort,Low,10.0,Arterial,Poor,Clear,Two-Wheeler,5,synthetic_trichyguard_not_real_stats
Zone_1_Srirangam,Low,47.3,Highway,Good,Clear,Two-Wheeler,17,synthetic_trichyguard_not_real_stats
Zone_1_Srirangam,Low,35.8,Arterial,Fair,Clear,Car,3,synthetic_trichyguard_not_real_stats
Zone_2_Cantonment,High,22.9,Arterial,Good,Foggy,Car,21,synthetic_trichyguard_not_real_stats
Zone_5_Ariyamangalam,Low,26.2,Highway,Poor,Rainy,Car,3,synthetic_trichyguard_not_real_stats
Zone_1_Srirangam,Low,31.6,Local,Good,Clear,Car,18,synthetic_trichyguard_not_real_stats
Zone_5_Ariyamangalam,Medium,47.1,Highway,Fair,Clear,Truck,20,synthetic_trichyguard_not_real_stats
Zone_4_Rockfort,High,32.3,Local,Poor,Clear,Two-Wheeler,13,synthetic_trichyguard_not_real_stats
Zone_5_Ariyamangalam,Medium,65.3,Local,Fair,Foggy,Bus,2,synthetic_trichyguard_not_real_stats
Zone_1_Srirangam,High,35.9,Arterial,Fair,Rainy,Car,20,synthetic_trichyguard_not_real_stats
Zone_1_Srirangam,High,22.3,Local,Good,Rainy,Two-Wheeler,15,synthetic_trichyguard_not_real_stats
Zone_3_ThillaiNagar,Medium,36.9,Arterial,Fair,Clear,Car,18,synthetic_trichyguard_not_real_stats
Zone_2_Cantonment,Medium,29.2,Local,Poor,Clear,Two-Wheeler,7,synthetic_trichyguard_not_real_stats
Zone_5_Ariyamangalam,High,56.1,Highway,Fair,Clear,Two-Wheeler,1,synthetic_trichyguard_not_real_stats
Zone_5_Ariyamangalam,Low,41.2,Highway,Fair,Clear,Car,18,synthetic_trichyguard_not_real_stats
Zone_2_Cantonment,Low,34.4,Arterial,Good,Clear,Two-Wheeler,18,synthetic_trichyguard_not_real_stats
Zone_5_Ariyamangalam,Medium,50.4,Highway,Poor,Clear,Car,13,synthetic_trichyguard_not_real_stats
Zone_2_Cantonment,Medium,26.6,Arterial,Good,Foggy,Two-Wheeler,3,synthetic_trichyguard_not_real_stats
Zone_4_Rockfort,Low,21.8,Local,Fair,Clear,Two-Wheeler,0,synthetic_trichyguard_not_real_stats
Zone_4_Rockfort,High,21.2,Local,Good,Clear,Car,9,synthetic_trichyguard_not_real_stats
Zone_5_Ariyamangalam,High,50.3,Highway,Good,Clear,Two-Wheeler,1,synthetic_trichyguard_not_real_stats
Zone_3_ThillaiNagar,High,39.0,Local,Poor,Clear,Two-Wheeler,3,synthetic_trichyguard_not_real_stats
Zone_1_Srirangam,Low,40.7,Local,Poor,Clear,Two-Wheeler,14,synthetic_trichyguard_not_real_stats
Zone_5_Ariyamangalam,Medium,69.6,Local,Fair,Clear,Truck,0,synthetic_trichyguard_not_real_stats
Zone_4_Rockfort,High,31.8,Arterial,Fair,Clear,Auto-Rickshaw,13,synthetic_trichyguard_not_real_stats
Zone_5_Ariyamangalam,Low,45.6,Local,Good,Clear,Car,5,synthetic_trichyguard_not_real_stats
Zone_2_Cantonment,Medium,29.3,Highway,Good,Clear,Auto-Rickshaw,1,synthetic_trichyguard_not_real_stats
Zone_2_Cantonment,Low,32.0,Arterial,Good,Clear,Two-Wheeler,8,synthetic_trichyguard_not_real_stats
Zone_4_Rockfort,Low,42.1,Highway,Good,Foggy,Two-Wheeler,13,synthetic_trichyguard_not_real_stats
Zone_1_Srirangam,Medium,36.7,Local,Good,Rainy,Auto-Rickshaw,1,synthetic_trichyguard_not_real_stats
Zone_2_Cantonment,High,57.4,Highway,Fair,Rainy,Two-Wheeler,16,synthetic_trichyguard_not_real_stats
Zone_4_Rockfort,High,22.3,Local,Good,Clear,Two-Wheeler,6,synthetic_trichyguard_not_real_stats
Zone_3_ThillaiNagar,Low,24.9,Local,Poor,Clear,Two-Wheeler,9,synthetic_trichyguard_not_real_stats
Zone_4_Rockfort,High,26.5,Local,Fair,Clear,Two-Wheeler,11,synthetic_trichyguard_not_real_stats
Zone_4_Rockfort,Medium,25.3,Local,Fair,Clear,Two-Wheeler,1,synthetic_trichyguard_not_real_stats
Zone_1_Srirangam,Low,36.7,Arterial,Fair,Clear,Two-Wheeler,4,synthetic_trichyguard_not_real_stats
Zone_1_Srirangam,Medium,37.2,Arterial,Fair,Rainy,Car,4,synthetic_trichyguard_not_real_stats
Zone_1_Srirangam,Low,14.7,Local,Fair,Clear,Car,0,synthetic_trichyguard_not_real_stats
Zone_3_ThillaiNagar,High,45.2,Local,Fair,Clear,Two-Wheeler,0,synthetic_trichyguard_not_real_stats
Zone_2_Cantonment,Medium,31.0,Arterial,Poor,Rainy,Car,14,synthetic_trichyguard_not_real_stats
Zone_4_Rockfort,High,30.2,Arterial,Good,Clear,Two-Wheeler,13,synthetic_trichyguard_not_real_stats
Zone_1_Srirangam,Low,30.1,Local,Fair,Rainy,Two-Wheeler,0,synthetic_trichyguard_not_real_stats
Zone_2_Cantonment,High,40.5,Arterial,Fair,Foggy,Car,15,synthetic_trichyguard_not_real_stats
Zone_2_Cantonment,High,29.0,Highway,Fair,Clear,Two-Wheeler,23,synthetic_trichyguard_not_real_stats
Zone_3_ThillaiNagar,Medium,48.0,Arterial,Fair,Rainy,Two-Wheeler,1,synthetic_trichyguard_not_real_stats
Zone_5_Ariyamangalam,Medium,74.5,Highway,Fair,Clear,Bus,5,synthetic_trichyguard_not_real_stats
Zone_3_ThillaiNagar,High,30.2,Arterial,Good,Clear,Two-Wheeler,14,synthetic_trichyguard_not_real_stats
Zone_2_Cantonment,High,37.8,Arterial,Poor,Clear,Two-Wheeler,8,synthetic_trichyguard_not_real_stats
Zone_3_ThillaiNagar,Medium,34.8,Arterial,Poor,Clear,Two-Wheeler,13,synthetic_trichyguard_not_real_stats
Zone_1_Srirangam,Medium,32.7,Arterial,Fair,Clear,Car,7,synthetic_trichyguard_not_real_stats
Zone_1_Srirangam,Medium,42.6,Arterial,Fair,Clear,Two-Wheeler,16,synthetic_trichyguard_not_real_stats
Zone_3_ThillaiNagar,High,27.4,Arterial,Good,Clear,Car,2,synthetic_trichyguard_not_real_stats
Zone_2_Cantonment,Medium,45.4,Local,Fair,Clear,Two-Wheeler,19,synthetic_trichyguard_not_real_stats
Zone_1_Srirangam,High,27.5,Arterial,Fair,Rainy,Two-Wheeler,4,synthetic_trichyguard_not_real_stats
Zone_4_Rockfort,Medium,25.6,Local,Poor,Clear,Two-Wheeler,10,synthetic_trichyguard_not_real_stats
Zone_4_Rockfort,Low,24.2,Highway,Good,Clear,Two-Wheeler,1,synthetic_trichyguard_not_real_stats
Zone_3_ThillaiNagar,Low,28.8,Arterial,Good,Clear,Auto-Rickshaw,19,synthetic_trichyguard_not_real_stats
Zone_1_Srirangam,High,29.6,Highway,Good,Clear,Car,22,synthetic_trichyguard_not_real_stats
Zone_2_Cantonment,High,54.1,Arterial,Fair,Clear,Car,13,synthetic_trichyguard_not_real_stats
Zone_2_Cantonment,Medium,32.2,Arterial,Good,Rainy,Car,14,synthetic_trichyguard_not_real_stats
Zone_2_Cantonment,Medium,45.3,Arterial,Fair,Clear,Auto-Rickshaw,5,synthetic_trichyguard_not_real_stats
Zone_1_Srirangam,Medium,39.7,Arterial,Poor,Clear,Two-Wheeler,20,synthetic_trichyguard_not_real_stats
Zone_4_Rockfort,High,26.8,Local,Good,Clear,Bus,15,synthetic_trichyguard_not_real_stats
Zone_5_Ariyamangalam,Medium,39.2,Highway,Good,Foggy,Truck,3,synthetic_trichyguard_not_real_stats
Zone_2_Cantonment,Medium,17.7,Arterial,Poor,Clear,Car,19,synthetic_trichyguard_not_real_stats
Zone_4_Rockfort,Low,34.4,Local,Fair,Clear,Bus,18,synthetic_trichyguard_not_real_stats
Zone_2_Cantonment,High,43.8,Local,Good,Rainy,Two-Wheeler,3,synthetic_trichyguard_not_real_stats
Zone_5_Ariyamangalam,Medium,73.5,Highway,Good,Clear,Car,14,synthetic_trichyguard_not_real_stats
Zone_3_ThillaiNagar,High,34.1,Arterial,Fair,Rainy,Auto-Rickshaw,13,synthetic_trichyguard_not_real_stats
Zone_3_ThillaiNagar,High,46.6,Local,Good,Clear,Car,15,synthetic_trichyguard_not_real_stats
Zone_3_ThillaiNagar,Medium,16.3,Local,Poor,Foggy,Car,19,synthetic_trichyguard_not_real_stats
Zone_1_Srirangam,Low,34.4,Local,Good,Clear,Two-Wheeler,10,synthetic_trichyguard_not_real_stats
Zone_3_ThillaiNagar,High,19.5,Arterial,Good,Foggy,Car,15,synthetic_trichyguard_not_real_stats
Zone_2_Cantonment,High,45.8,Local,Good,Foggy,Car,13,synthetic_trichyguard_not_real_stats
Zone_5_Ariyamangalam,Medium,37.4,Highway,Good,Clear,Two-Wheeler,15,synthetic_trichyguard_not_real_stats
Zone_5_Ariyamangalam,High,47.3,Highway,Fair,Clear,Truck,20,synthetic_trichyguard_not_real_stats
Zone_1_Srirangam,Medium,23.4,Highway,Good,Foggy,Car,8,synthetic_trichyguard_not_real_stats
Zone_5_Ariyamangalam,Low,53.8,Highway,Poor,Clear,Car,4,synthetic_trichyguard_not_real_stats
Zone_3_ThillaiNagar,High,39.0,Arterial,Fair,Rainy,Car,6,synthetic_trichyguard_not_real_stats
Zone_1_Srirangam,Low,23.3,Arterial,Fair,Clear,Two-Wheeler,8,synthetic_trichyguard_not_real_stats
Zone_3_ThillaiNagar,Low,30.5,Arterial,Poor,Clear,Two-Wheeler,4,synthetic_trichyguard_not_real_stats
Zone_1_Srirangam,Low,40.0,Local,Fair,Rainy,Bus,15,synthetic_trichyguard_not_real_stats
Zone_3_ThillaiNagar,High,31.9,Highway,Good,Foggy,Two-Wheeler,22,synthetic_trichyguard_not_real_stats
Zone_2_Cantonment,Medium,34.7,Arterial,Fair,Foggy,Two-Wheeler,19,synthetic_trichyguard_not_real_stats
Zone_3_ThillaiNagar,Low,28.1,Arterial,Good,Clear,Two-Wheeler,10,synthetic_trichyguard_not_real_stats
Zone_5_Ariyamangalam,Medium,59.0,Arterial,Poor,Clear,Car,13,synthetic_trichyguard_not_real_stats
Zone_4_Rockfort,Medium,25.5,Local,Poor,Clear,Auto-Rickshaw,1,synthetic_trichyguard_not_real_stats
Zone_1_Srirangam,Low,35.3,Arterial,Poor,Clear,Two-Wheeler,17,synthetic_trichyguard_not_real_stats
Zone_1_Srirangam,Medium,45.5,Arterial,Poor,Foggy,Car,3,synthetic_trichyguard_not_real_stats
Zone_1_Srirangam,Low,28.1,Local,Good,Rainy,Car,20,synthetic_trichyguard_not_real_stats
Zone_4_Rockfort,High,21.6,Arterial,Fair,Clear,Two-Wheeler,1,synthetic_trichyguard_not_real_stats
Zone_3_ThillaiNagar,High,31.2,Arterial,Good,Clear,Car,19,synthetic_trichyguard_not_real_stats
Zone_1_Srirangam,Medium,29.6,Arterial,Poor,Clear,Auto-Rickshaw,18,synthetic_trichyguard_not_real_stats
Zone_1_Srirangam,Medium,42.7,Arterial,Good,Clear,Two-Wheeler,14,synthetic_trichyguard_not_real_stats
Zone_3_ThillaiNagar,High,10.0,Arterial,Good,Clear,Car,16,synthetic_trichyguard_not_real_stats
Zone_4_Rockfort,High,41.2,Arterial,Good,Clear,Two-Wheeler,5,synthetic_trichyguard_not_real_stats
Zone_5_Ariyamangalam,High,61.1,Arterial,Good,Clear,Bus,10,synthetic_trichyguard_not_real_stats
Zone_5_Ariyamangalam,Medium,54.2,Highway,Fair,Rainy,Truck,10,synthetic_trichyguard_not_real_stats
Zone_2_Cantonment,Medium,39.9,Local,Good,Clear,Car,7,synthetic_trichyguard_not_real_stats
Zone_1_Srirangam,Medium,28.0,Highway,Poor,Rainy,Car,9,synthetic_trichyguard_not_real_stats
Zone_1_Srirangam,Low,34.0,Local,Poor,Clear,Car,7,synthetic_trichyguard_not_real_stats
Zone_4_Rockfort,High,32.2,Local,Poor,Clear,Two-Wheeler,6,synthetic_trichyguard_not_real_stats
Zone_2_Cantonment,Medium,47.7,Arterial,Good,Clear,Two-Wheeler,18,synthetic_trichyguard_not_real_stats
Zone_1_Srirangam,Medium,39.8,Highway,Fair,Rainy,Car,15,synthetic_trichyguard_not_real_stats
Zone_4_Rockfort,Medium,22.6,Arterial,Fair,Clear,Two-Wheeler,15,synthetic_trichyguard_not_real_stats
Zone_4_Rockfort,High,12.4,Local,Fair,Clear,Two-Wheeler,11,synthetic_trichyguard_not_real_stats
Zone_3_ThillaiNagar,High,30.9,Local,Poor,Clear,Car,19,synthetic_trichyguard_not_real_stats
Zone_5_Ariyamangalam,Medium,53.3,Local,Fair,Foggy,Two-Wheeler,16,synthetic_trichyguard_not_real_stats
Zone_2_Cantonment,Low,48.5,Arterial,Good,Clear,Auto-Rickshaw,1,synthetic_trichyguard_not_real_stats
Zone_5_Ariyamangalam,Medium,58.1,Highway,Fair,Clear,Car,12,synthetic_trichyguard_not_real_stats
Zone_1_Srirangam,Low,48.3,Local,Fair,Clear,Two-Wheeler,7,synthetic_trichyguard_not_real_stats
Zone_1_Srirangam,Medium,37.1,Local,Poor,Clear,Two-Wheeler,23,synthetic_trichyguard_not_real_stats
Zone_5_Ariyamangalam,Low,47.9,Highway,Good,Clear,Car,18,synthetic_trichyguard_not_real_stats
Zone_2_Cantonment,High,47.9,Arterial,Fair,Clear,Car,14,synthetic_trichyguard_not_real_stats
Zone_5_Ariyamangalam,Low,44.9,Arterial,Fair,Foggy,Two-Wheeler,23,synthetic_trichyguard_not_real_stats
Zone_1_Srirangam,High,30.3,Arterial,Fair,Clear,Auto-Rickshaw,1,synthetic_trichyguard_not_real_stats
Zone_5_Ariyamangalam,Medium,23.6,Local,Good,Clear,Bus,5,synthetic_trichyguard_not_real_stats
Zone_4_Rockfort,High,36.1,Arterial,Good,Clear,Two-Wheeler,14,synthetic_trichyguard_not_real_stats
Zone_3_ThillaiNagar,Medium,34.2,Local,Fair,Clear,Car,4,synthetic_trichyguard_not_real_stats
Zone_4_Rockfort,High,22.9,Local,Fair,Clear,Auto-Rickshaw,21,synthetic_trichyguard_not_real_stats
Zone_2_Cantonment,High,33.0,Local,Fair,Clear,Auto-Rickshaw,1,synthetic_trichyguard_not_real_stats
Zone_3_ThillaiNagar,Low,25.1,Arterial,Good,Foggy,Two-Wheeler,18,synthetic_trichyguard_not_real_stats
Zone_1_Srirangam,Medium,30.5,Local,Good,Clear,Two-Wheeler,4,synthetic_trichyguard_not_real_stats
Zone_5_Ariyamangalam,Medium,41.1,Highway,Fair,Foggy,Bus,16,synthetic_trichyguard_not_real_stats
Zone_5_Ariyamangalam,High,54.5,Local,Good,Clear,Truck,23,synthetic_trichyguard_not_real_stats
Zone_5_Ariyamangalam,Medium,50.4,Local,Good,Clear,Car,10,synthetic_trichyguard_not_real_stats
Zone_5_Ariyamangalam,Medium,61.0,Highway,Fair,Clear,Truck,11,synthetic_trichyguard_not_real_stats
Zone_1_Srirangam,Medium,26.5,Arterial,Good,Rainy,Two-Wheeler,5,synthetic_trichyguard_not_real_stats
Zone_5_Ariyamangalam,Low,70.6,Highway,Good,Clear,Two-Wheeler,20,synthetic_trichyguard_not_real_stats
Zone_2_Cantonment,High,32.3,Arterial,Good,Clear,Auto-Rickshaw,22,synthetic_trichyguard_not_real_stats
Zone_4_Rockfort,Medium,15.5,Local,Poor,Clear,Car,12,synthetic_trichyguard_not_real_stats
Zone_5_Ariyamangalam,Medium,36.5,Highway,Poor,Clear,Two-Wheeler,11,synthetic_trichyguard_not_real_stats
Zone_2_Cantonment,High,41.7,Arterial,Good,Clear,Two-Wheeler,22,synthetic_trichyguard_not_real_stats
Zone_3_ThillaiNagar,Medium,14.7,Arterial,Good,Rainy,Car,21,synthetic_trichyguard_not_real_stats
Zone_2_Cantonment,High,47.3,Arterial,Poor,Clear,Car,7,synthetic_trichyguard_not_real_stats
Zone_3_ThillaiNagar,Medium,23.4,Arterial,Poor,Rainy,Two-Wheeler,0,synthetic_trichyguard_not_real_stats
Zone_3_ThillaiNagar,High,33.7,Arterial,Good,Clear,Car,12,synthetic_trichyguard_not_real_stats
Zone_5_Ariyamangalam,Medium,68.8,Highway,Fair,Rainy,Car,22,synthetic_trichyguard_not_real_stats
Zone_4_Rockfort,Low,22.3,Arterial,Fair,Clear,Two-Wheeler,6,synthetic_trichyguard_not_real_stats
Zone_4_Rockfort,High,13.6,Local,Good,Clear,Two-Wheeler,19,synthetic_trichyguard_not_real_stats
Zone_4_Rockfort,Medium,31.0,Arterial,Good,Rainy,Auto-Rickshaw,15,synthetic_trichyguard_not_real_stats
Zone_1_Srirangam,Low,30.0,Arterial,Good,Rainy,Two-Wheeler,18,synthetic_trichyguard_not_real_stats
Zone_3_ThillaiNagar,Medium,20.4,Local,Fair,Foggy,Two-Wheeler,17,synthetic_trichyguard_not_real_stats
Zone_2_Cantonment,Medium,34.1,Arterial,Good,Clear,Auto-Rickshaw,6,synthetic_trichyguard_not_real_stats
Zone_5_Ariyamangalam,Low,55.2,Highway,Fair,Clear,Bus,14,synthetic_trichyguard_not_real_stats
Zone_3_ThillaiNagar,High,19.4,Local,Good,Rainy,Car,17,synthetic_trichyguard_not_real_stats
Zone_4_Rockfort,Medium,21.1,Local,Good,Clear,Bus,20,synthetic_trichyguard_not_real_stats
Zone_1_Srirangam,Medium,28.0,Highway,Good,Rainy,Two-Wheeler,10,synthetic_trichyguard_not_real_stats
Zone_3_ThillaiNagar,High,20.9,Local,Fair,Rainy,Two-Wheeler,4,synthetic_trichyguard_not_real_stats
Zone_4_Rockfort,Medium,26.1,Local,Fair,Clear,Bus,3,synthetic_trichyguard_not_real_stats
Zone_1_Srirangam,Low,26.1,Local,Fair,Rainy,Two-Wheeler,1,synthetic_trichyguard_not_real_stats
Zone_1_Srirangam,Low,41.8,Arterial,Good,Foggy,Car,1,synthetic_trichyguard_not_real_stats
Zone_2_Cantonment,High,28.6,Highway,Fair,Clear,Bus,4,synthetic_trichyguard_not_real_stats
Zone_5_Ariyamangalam,Medium,73.4,Highway,Fair,Clear,Car,16,synthetic_trichyguard_not_real_stats
Zone_1_Srirangam,Low,31.1,Local,Good,Clear,Truck,19,synthetic_trichyguard_not_real_stats
Zone_2_Cantonment,High,42.8,Arterial,Good,Clear,Bus,13,synthetic_trichyguard_not_real_stats
Zone_5_Ariyamangalam,High,49.5,Arterial,Fair,Clear,Car,14,synthetic_trichyguard_not_real_stats
Zone_4_Rockfort,Medium,31.9,Local,Poor,Clear,Car,12,synthetic_trichyguard_not_real_stats
Zone_3_ThillaiNagar,Low,30.3,Arterial,Good,Rainy,Two-Wheeler,13,synthetic_trichyguard_not_real_stats
Zone_4_Rockfort,Medium,25.6,Arterial,Good,Rainy,Auto-Rickshaw,4,synthetic_trichyguard_not_real_stats
Zone_3_ThillaiNagar,Medium,28.5,Arterial,Good,Clear,Car,17,synthetic_trichyguard_not_real_stats
Zone_4_Rockfort,High,36.4,Arterial,Fair,Clear,Two-Wheeler,12,synthetic_trichyguard_not_real_stats
Zone_1_Srirangam,Low,41.9,Arterial,Good,Clear,Two-Wheeler,20,synthetic_trichyguard_not_real_stats
Zone_1_Srirangam,Low,32.6,Local,Good,Clear,Two-Wheeler,13,synthetic_trichyguard_not_real_stats
Zone_5_Ariyamangalam,High,37.4,Local,Poor,Clear,Truck,4,synthetic_trichyguard_not_real_stats
Zone_4_Rockfort,Low,25.3,Highway,Poor,Rainy,Two-Wheeler,4,synthetic_trichyguard_not_real_stats
Zone_2_Cantonment,Medium,46.7,Arterial,Good,Clear,Car,16,synthetic_trichyguard_not_real_stats
Zone_4_Rockfort,High,28.9,Arterial,Fair,Foggy,Auto-Rickshaw,3,synthetic_trichyguard_not_real_stats
Zone_4_Rockfort,High,26.4,Arterial,Fair,Clear,Car,4,synthetic_trichyguard_not_real_stats
Zone_3_ThillaiNagar,Medium,10.0,Arterial,Poor,Clear,Two-Wheeler,12,synthetic_trichyguard_not_real_stats
Zone_1_Srirangam,Low,33.1,Local,Poor,Clear,Two-Wheeler,7,synthetic_trichyguard_not_real_stats
Zone_2_Cantonment,High,38.9,Local,Fair,Clear,Auto-Rickshaw,11,synthetic_trichyguard_not_real_stats
Zone_5_Ariyamangalam,Medium,48.1,Arterial,Fair,Clear,Car,13,synthetic_trichyguard_not_real_stats
Zone_1_Srirangam,Medium,32.9,Local,Fair,Clear,Car,11,synthetic_trichyguard_not_real_stats
Zone_1_Srirangam,Medium,23.6,Local,Fair,Rainy,Two-Wheeler,8,synthetic_trichyguard_not_real_stats
Zone_3_ThillaiNagar,High,10.4,Arterial,Fair,Clear,Car,13,synthetic_trichyguard_not_real_stats
Zone_2_Cantonment,Medium,41.2,Local,Fair,Rainy,Two-Wheeler,3,synthetic_trichyguard_not_real_stats
Zone_3_ThillaiNagar,Medium,31.5,Arterial,Good,Clear,Car,8,synthetic_trichyguard_not_real_stats
Zone_4_Rockfort,Medium,49.6,Local,Good,Clear,Two-Wheeler,15,synthetic_trichyguard_not_real_stats
Zone_2_Cantonment,High,29.4,Local,Fair,Clear,Two-Wheeler,0,synthetic_trichyguard_not_real_stats
Zone_1_Srirangam,Medium,27.1,Local,Good,Rainy,Two-Wheeler,10,synthetic_trichyguard_not_real_stats
Zone_1_Srirangam,Low,35.2,Local,Poor,Clear,Two-Wheeler,9,synthetic_trichyguard_not_real_stats
Zone_2_Cantonment,Medium,38.3,Arterial,Fair,Clear,Car,8,synthetic_trichyguard_not_real_stats
Zone_2_Cantonment,High,26.1,Arterial,Fair,Clear,Car,18,synthetic_trichyguard_not_real_stats
Zone_5_Ariyamangalam,Low,45.3,Arterial,Fair,Clear,Two-Wheeler,20,synthetic_trichyguard_not_real_stats
Zone_3_ThillaiNagar,High,26.3,Arterial,Fair,Clear,Two-Wheeler,17,synthetic_trichyguard_not_real_stats
Zone_2_Cantonment,Low,36.6,Highway,Fair,Clear,Two-Wheeler,16,synthetic_trichyguard_not_real_stats
Zone_4_Rockfort,Medium,23.5,Arterial,Good,Clear,Two-Wheeler,21,synthetic_trichyguard_not_real_stats
Zone_4_Rockfort,Medium,35.4,Arterial,Poor,Clear,Auto-Rickshaw,0,synthetic_trichyguard_not_real_stats
Zone_1_Srirangam,Low,32.0,Arterial,Fair,Clear,Two-Wheeler,4,synthetic_trichyguard_not_real_stats
Zone_3_ThillaiNagar,Medium,40.2,Local,Good,Clear,Auto-Rickshaw,3,synthetic_trichyguard_not_real_stats
Zone_3_ThillaiNagar,High,27.9,Arterial,Poor,Clear,Car,8,synthetic_trichyguard_not_real_stats
Zone_3_ThillaiNagar,Medium,25.7,Local,Good,Foggy,Auto-Rickshaw,18,synthetic_trichyguard_not_real_stats
Zone_1_Srirangam,Medium,21.1,Local,Fair,Foggy,Two-Wheeler,18,synthetic_trichyguard_not_real_stats
Zone_5_Ariyamangalam,Medium,41.3,Arterial,Good,Clear,Bus,19,synthetic_trichyguard_not_real_stats
Zone_4_Rockfort,Medium,25.4,Local,Poor,Clear,Auto-Rickshaw,20,synthetic_trichyguard_not_real_stats
Zone_3_ThillaiNagar,High,21.7,Highway,Poor,Clear,Truck,23,synthetic_trichyguard_not_real_stats
Zone_2_Cantonment,High,38.9,Arterial,Fair,Clear,Bus,6,synthetic_trichyguard_not_real_stats
Zone_3_ThillaiNagar,Medium,39.1,Local,Fair,Clear,Two-Wheeler,12,synthetic_trichyguard_not_real_stats
Zone_1_Srirangam,Low,33.4,Local,Good,Clear,Two-Wheeler,20,synthetic_trichyguard_not_real_stats
Zone_3_ThillaiNagar,High,31.7,Local,Good,Clear,Car,7,synthetic_trichyguard_not_real_stats
Zone_4_Rockfort,High,16.8,Arterial,Fair,Clear,Two-Wheeler,14,synthetic_trichyguard_not_real_stats
Zone_4_Rockfort,Low,33.0,Local,Poor,Clear,Truck,4,synthetic_trichyguard_not_real_stats
Zone_5_Ariyamangalam,High,45.1,Highway,Poor,Clear,Car,3,synthetic_trichyguard_not_real_stats
Zone_1_Srirangam,Low,42.4,Local,Poor,Clear,Two-Wheeler,0,synthetic_trichyguard_not_real_stats
Zone_1_Srirangam,Low,36.0,Arterial,Fair,Clear,Two-Wheeler,21,synthetic_trichyguard_not_real_stats
Zone_4_Rockfort,Low,24.3,Arterial,Poor,Clear,Two-Wheeler,10,synthetic_trichyguard_not_real_stats
Zone_5_Ariyamangalam,Low,70.3,Highway,Fair,Clear,Bus,2,synthetic_trichyguard_not_real_stats
Zone_3_ThillaiNagar,High,24.7,Arterial,Fair,Rainy,Car,18,synthetic_trichyguard_not_real_stats
Zone_3_ThillaiNagar,Low,50.8,Local,Good,Clear,Auto-Rickshaw,9,synthetic_trichyguard_not_real_stats
Zone_4_Rockfort,Medium,21.6,Arterial,Poor,Rainy,Auto-Rickshaw,9,synthetic_trichyguard_not_real_stats
Zone_1_Srirangam,Medium,21.9,Local,Fair,Clear,Two-Wheeler,2,synthetic_trichyguard_not_real_stats
Zone_5_Ariyamangalam,Low,46.6,Arterial,Good,Clear,Bus,22,synthetic_trichyguard_not_real_stats
Zone_5_Ariyamangalam,High,55.1,Arterial,Good,Clear,Two-Wheeler,1,synthetic_trichyguard_not_real_stats
Zone_5_Ariyamangalam,Medium,71.7,Highway,Fair,Rainy,Bus,17,synthetic_trichyguard_not_real_stats
Zone_3_ThillaiNagar,High,22.5,Arterial,Good,Clear,Car,9,synthetic_trichyguard_not_real_stats
Zone_5_Ariyamangalam,Medium,51.0,Highway,Poor,Clear,Bus,3,synthetic_trichyguard_not_real_stats
Zone_2_Cantonment,Medium,39.8,Local,Good,Clear,Bus,12,synthetic_trichyguard_not_real_stats
Zone_1_Srirangam,Medium,24.0,Arterial,Poor,Clear,Two-Wheeler,22,synthetic_trichyguard_not_real_stats
Zone_3_ThillaiNagar,High,30.9,Arterial,Fair,Clear,Bus,17,synthetic_trichyguard_not_real_stats
Zone_4_Rockfort,Medium,26.0,Highway,Poor,Clear,Two-Wheeler,22,synthetic_trichyguard_not_real_stats
Zone_4_Rockfort,Medium,37.7,Arterial,Good,Clear,Auto-Rickshaw,13,synthetic_trichyguard_not_real_stats
Zone_5_Ariyamangalam,High,66.0,Local,Good,Clear,Car,21,synthetic_trichyguard_not_real_stats
Zone_5_Ariyamangalam,Low,70.6,Highway,Poor,Clear,Car,0,synthetic_trichyguard_not_real_stats
Zone_1_Srirangam,High,27.9,Arterial,Good,Clear,Bus,23,synthetic_trichyguard_not_real_stats
Zone_2_Cantonment,Low,41.3,Arterial,Good,Clear,Two-Wheeler,4,synthetic_trichyguard_not_real_stats
Zone_4_Rockfort,Medium,31.3,Arterial,Good,Clear,Two-Wheeler,6,synthetic_trichyguard_not_real_stats
Zone_3_ThillaiNagar,Low,29.5,Arterial,Fair,Foggy,Car,0,synthetic_trichyguard_not_real_stats
Zone_3_ThillaiNagar,High,18.0,Local,Poor,Clear,Car,21,synthetic_trichyguard_not_real_stats
Zone_3_ThillaiNagar,Medium,37.9,Local,Good,Clear,Car,22,synthetic_trichyguard_not_real_stats
Zone_1_Srirangam,Low,28.9,Arterial,Fair,Clear,Two-Wheeler,11,synthetic_trichyguard_not_real_stats
Zone_5_Ariyamangalam,High,66.0,Arterial,Fair,Rainy,Two-Wheeler,7,synthetic_trichyguard_not_real_stats
Zone_2_Cantonment,High,37.4,Highway,Good,Clear,Car,17,synthetic_trichyguard_not_real_stats
Zone_4_Rockfort,High,34.6,Local,Fair,Clear,Two-Wheeler,13,synthetic_trichyguard_not_real_stats
Zone_4_Rockfort,Medium,34.5,Arterial,Fair,Rainy,Two-Wheeler,8,synthetic_trichyguard_not_real_stats
Zone_5_Ariyamangalam,Low,55.4,Highway,Fair,Clear,Two-Wheeler,18,synthetic_trichyguard_not_real_stats
Zone_2_Cantonment,High,48.7,Arterial,Fair,Clear,Car,8,synthetic_trichyguard_not_real_stats
Zone_2_Cantonment,Medium,28.9,Arterial,Good,Rainy,Car,4,synthetic_trichyguard_not_real_stats
Zone_1_Srirangam,Medium,41.6,Local,Good,Rainy,Two-Wheeler,16,synthetic_trichyguard_not_real_stats
Zone_4_Rockfort,High,31.3,Local,Fair,Rainy,Car,18,synthetic_trichyguard_not_real_stats
Zone_3_ThillaiNagar,High,31.2,Arterial,Good,Clear,Auto-Rickshaw,20,synthetic_trichyguard_not_real_stats
Zone_5_Ariyamangalam,Low,57.8,Arterial,Poor,Foggy,Car,1,synthetic_trichyguard_not_real_stats
Zone_5_Ariyamangalam,Medium,58.0,Arterial,Poor,Rainy,Car,17,synthetic_trichyguard_not_real_stats
Zone_5_Ariyamangalam,Low,45.0,Local,Fair,Rainy,Bus,16,synthetic_trichyguard_not_real_stats
Zone_1_Srirangam,Medium,23.0,Arterial,Good,Clear,Two-Wheeler,20,synthetic_trichyguard_not_real_stats
Zone_2_Cantonment,High,34.1,Arterial,Good,Clear,Auto-Rickshaw,10,synthetic_trichyguard_not_real_stats
Zone_3_ThillaiNagar,High,25.1,Arterial,Fair,Clear,Two-Wheeler,20,synthetic_trichyguard_not_real_stats
Zone_1_Srirangam,Medium,30.2,Arterial,Fair,Clear,Two-Wheeler,21,synthetic_trichyguard_not_real_stats
Zone_5_Ariyamangalam,Medium,51.4,Arterial,Poor,Clear,Truck,7,synthetic_trichyguard_not_real_stats
Zone_1_Srirangam,Low,32.7,Local,Good,Clear,Two-Wheeler,12,synthetic_trichyguard_not_real_stats
Zone_3_ThillaiNagar,Low,30.4,Highway,Good,Clear,Car,17,synthetic_trichyguard_not_real_stats
Zone_4_Rockfort,Low,23.1,Arterial,Fair,Clear,Auto-Rickshaw,16,synthetic_trichyguard_not_real_stats
Zone_5_Ariyamangalam,Medium,72.7,Arterial,Fair,Clear,Bus,9,synthetic_trichyguard_not_real_stats
Zone_2_Cantonment,Medium,45.3,Local,Good,Clear,Two-Wheeler,14,synthetic_trichyguard_not_real_stats
Zone_4_Rockfort,Medium,31.9,Local,Poor,Rainy,Two-Wheeler,14,synthetic_trichyguard_not_real_stats
Zone_2_Cantonment,Medium,28.2,Arterial,Good,Clear,Two-Wheeler,1,synthetic_trichyguard_not_real_stats
Zone_2_Cantonment,High,52.2,Arterial,Fair,Foggy,Car,3,synthetic_trichyguard_not_real_stats
Zone_4_Rockfort,High,19.6,Local,Good,Clear,Car,14,synthetic_trichyguard_not_real_stats
Zone_5_Ariyamangalam,High,58.5,Highway,Poor,Clear,Bus,7,synthetic_trichyguard_not_real_stats
Zone_3_ThillaiNagar,Medium,22.8,Local,Fair,Clear,Auto-Rickshaw,13,synthetic_trichyguard_not_real_stats
Zone_1_Srirangam,High,34.4,Arterial,Poor,Clear,Two-Wheeler,0,synthetic_trichyguard_not_real_stats
Zone_2_Cantonment,Medium,27.2,Arterial,Fair,Clear,Two-Wheeler,5,synthetic_trichyguard_not_real_stats
Zone_2_Cantonment,Medium,29.3,Local,Good,Clear,Two-Wheeler,19,synthetic_trichyguard_not_real_stats
Zone_3_ThillaiNagar,Medium,32.0,Arterial,Fair,Clear,Car,2,synthetic_trichyguard_not_real_stats
Zone_3_ThillaiNagar,Low,17.7,Highway,Good,Clear,Auto-Rickshaw,19,synthetic_trichyguard_not_real_stats
Zone_2_Cantonment,High,28.6,Local,Good,Clear,Two-Wheeler,10,synthetic_trichyguard_not_real_stats
Zone_1_Srirangam,Medium,24.8,Arterial,Good,Rainy,Two-Wheeler,15,synthetic_trichyguard_not_real_stats
Zone_3_ThillaiNagar,High,38.4,Local,Poor,Clear,Car,6,synthetic_trichyguard_not_real_stats
Zone_5_Ariyamangalam,Low,61.4,Arterial,Fair,Foggy,Car,0,synthetic_trichyguard_not_real_stats
Zone_5_Ariyamangalam,Medium,51.4,Highway,Poor,Clear,Car,16,synthetic_trichyguard_not_real_stats
Zone_1_Srirangam,Low,18.4,Arterial,Poor,Rainy,Bus,12,synthetic_trichyguard_not_real_stats
Zone_1_Srirangam,Low,36.9,Local,Poor,Clear,Two-Wheeler,18,synthetic_trichyguard_not_real_stats
Zone_2_Cantonment,Low,37.1,Arterial,Fair,Clear,Car,5,synthetic_trichyguard_not_real_stats
Zone_2_Cantonment,High,38.3,Arterial,Fair,Clear,Car,1,synthetic_trichyguard_not_real_stats
Zone_3_ThillaiNagar,High,34.9,Arterial,Good,Foggy,Car,5,synthetic_trichyguard_not_real_stats
Zone_2_Cantonment,Medium,36.3,Arterial,Good,Clear,Car,10,synthetic_trichyguard_not_real_stats
Zone_2_Cantonment,Medium,29.9,Arterial,Poor,Clear,Bus,15,synthetic_trichyguard_not_real_stats
Zone_3_ThillaiNagar,Medium,33.2,Local,Good,Rainy,Two-Wheeler,7,synthetic_trichyguard_not_real_stats
Zone_2_Cantonment,Medium,41.3,Arterial,Good,Foggy,Two-Wheeler,10,synthetic_trichyguard_not_real_stats
Zone_5_Ariyamangalam,Low,35.4,Highway,Fair,Clear,Bus,1,synthetic_trichyguard_not_real_stats
Zone_1_Srirangam,Medium,41.5,Local,Good,Clear,Auto-Rickshaw,3,synthetic_trichyguard_not_real_stats
Zone_5_Ariyamangalam,Low,53.8,Highway,Fair,Clear,Bus,15,synthetic_trichyguard_not_real_stats
Zone_4_Rockfort,High,19.5,Local,Fair,Clear,Two-Wheeler,11,synthetic_trichyguard_not_real_stats
Zone_5_Ariyamangalam,High,42.8,Highway,Fair,Rainy,Bus,23,synthetic_trichyguard_not_real_stats
Zone_4_Rockfort,High,10.9,Arterial,Good,Clear,Two-Wheeler,5,synthetic_trichyguard_not_real_stats
Zone_5_Ariyamangalam,Medium,64.6,Highway,Good,Clear,Bus,5,synthetic_trichyguard_not_real_stats
Zone_2_Cantonment,Medium,42.7,Local,Fair,Clear,Two-Wheeler,5,synthetic_trichyguard_not_real_stats
Zone_4_Rockfort,Medium,22.9,Local,Fair,Clear,Two-Wheeler,10,synthetic_trichyguard_not_real_stats
Zone_3_ThillaiNagar,Medium,30.6,Local,Good,Clear,Two-Wheeler,5,synthetic_trichyguard_not_real_stats
Zone_3_ThillaiNagar,High,23.1,Arterial,Good,Clear,Car,17,synthetic_trichyguard_not_real_stats
Zone_5_Ariyamangalam,Medium,45.6,Arterial,Fair,Clear,Bus,17,synthetic_trichyguard_not_real_stats
Zone_5_Ariyamangalam,Medium,75.4,Arterial,Good,Clear,Two-Wheeler,1,synthetic_trichyguard_not_real_stats
Zone_5_Ariyamangalam,High,46.7,Highway,Good,Clear,Two-Wheeler,21,synthetic_trichyguard_not_real_stats
Zone_1_Srirangam,Medium,21.5,Local,Good,Rainy,Two-Wheeler,3,synthetic_trichyguard_not_real_stats
Zone_1_Srirangam,High,35.4,Arterial,Good,Rainy,Car,10,synthetic_trichyguard_not_real_stats
Zone_2_Cantonment,Medium,31.4,Arterial,Fair,Clear,Car,2,synthetic_trichyguard_not_real_stats
Zone_5_Ariyamangalam,Low,56.5,Highway,Good,Clear,Bus,10,synthetic_trichyguard_not_real_stats
Zone_1_Srirangam,Medium,38.2,Local,Good,Clear,Car,0,synthetic_trichyguard_not_real_stats
Zone_2_Cantonment,Low,31.4,Arterial,Poor,Clear,Two-Wheeler,14,synthetic_trichyguard_not_real_stats
Zone_3_ThillaiNagar,Low,22.9,Local,Good,Clear,Car,1,synthetic_trichyguard_not_real_stats
Zone_4_Rockfort,Low,17.4,Local,Good,Foggy,Two-Wheeler,4,synthetic_trichyguard_not_real_stats
Zone_2_Cantonment,High,41.8,Arterial,Good,Clear,Auto-Rickshaw,23,synthetic_trichyguard_not_real_stats
Zone_4_Rockfort,High,18.7,Arterial,Fair,Clear,Two-Wheeler,17,synthetic_trichyguard_not_real_stats
Zone_4_Rockfort,High,22.9,Arterial,Poor,Rainy,Two-Wheeler,19,synthetic_trichyguard_not_real_stats
Zone_4_Rockfort,High,15.3,Highway,Fair,Clear,Two-Wheeler,14,synthetic_trichyguard_not_real_stats
Zone_1_Srirangam,Low,29.4,Arterial,Fair,Clear,Two-Wheeler,20,synthetic_trichyguard_not_real_stats
Zone_2_Cantonment,High,37.6,Arterial,Fair,Clear,Car,0,synthetic_trichyguard_not_real_stats
Zone_2_Cantonment,High,47.6,Arterial,Good,Clear,Car,5,synthetic_trichyguard_not_real_stats
Zone_3_ThillaiNagar,Medium,27.5,Local,Fair,Foggy,Two-Wheeler,8,synthetic_trichyguard_not_real_stats
Zone_2_Cantonment,Medium,23.9,Arterial,Fair,Clear,Two-Wheeler,17,synthetic_trichyguard_not_real_stats
Zone_5_Ariyamangalam,High,38.4,Local,Good,Clear,Truck,1,synthetic_trichyguard_not_real_stats
Zone_3_ThillaiNagar,High,22.7,Arterial,Good,Rainy,Car,14,synthetic_trichyguard_not_real_stats
Zone_3_ThillaiNagar,High,44.0,Arterial,Good,Rainy,Car,15,synthetic_trichyguard_not_real_stats
Zone_3_ThillaiNagar,High,24.1,Arterial,Fair,Clear,Two-Wheeler,17,synthetic_trichyguard_not_real_stats
Zone_3_ThillaiNagar,Low,27.0,Local,Fair,Clear,Car,21,synthetic_trichyguard_not_real_stats
Zone_3_ThillaiNagar,Medium,31.8,Arterial,Fair,Clear,Two-Wheeler,14,synthetic_trichyguard_not_real_stats
Zone_2_Cantonment,High,33.9,Local,Good,Rainy,Bus,13,synthetic_trichyguard_not_real_stats
Zone_2_Cantonment,High,46.8,Arterial,Fair,Clear,Car,3,synthetic_trichyguard_not_real_stats
Zone_1_Srirangam,Low,29.4,Arterial,Good,Clear,Auto-Rickshaw,10,synthetic_trichyguard_not_real_stats
Zone_2_Cantonment,High,38.9,Arterial,Fair,Clear,Auto-Rickshaw,16,synthetic_trichyguard_not_real_stats
Zone_1_Srirangam,Low,41.4,Arterial,Fair,Clear,Car,11,synthetic_trichyguard_not_real_stats
Zone_1_Srirangam,Low,36.5,Arterial,Poor,Clear,Auto-Rickshaw,20,synthetic_trichyguard_not_real_stats
Zone_5_Ariyamangalam,High,46.7,Arterial,Good,Clear,Bus,2,synthetic_trichyguard_not_real_stats
Zone_3_ThillaiNagar,Medium,25.0,Local,Good,Foggy,Car,12,synthetic_trichyguard_not_real_stats
Zone_5_Ariyamangalam,High,32.7,Arterial,Good,Clear,Truck,14,synthetic_trichyguard_not_real_stats
Zone_3_ThillaiNagar,Medium,42.8,Arterial,Fair,Rainy,Car,17,synthetic_trichyguard_not_real_stats
Zone_1_Srirangam,High,27.2,Arterial,Fair,Clear,Two-Wheeler,21,synthetic_trichyguard_not_real_stats
Zone_1_Srirangam,Medium,29.4,Local,Good,Clear,Two-Wheeler,9,synthetic_trichyguard_not_real_stats
Zone_2_Cantonment,High,49.2,Local,Good,Clear,Car,20,synthetic_trichyguard_not_real_stats
Zone_4_Rockfort,Medium,33.6,Arterial,Fair,Clear,Two-Wheeler,18,synthetic_trichyguard_not_real_stats
Zone_3_ThillaiNagar,Medium,38.6,Arterial,Good,Clear,Car,1,synthetic_trichyguard_not_real_stats
Zone_4_Rockfort,High,23.4,Local,Good,Clear,Auto-Rickshaw,1,synthetic_trichyguard_not_real_stats
Zone_1_Srirangam,High,33.8,Arterial,Fair,Clear,Car,1,synthetic_trichyguard_not_real_stats
Zone_3_ThillaiNagar,Medium,27.7,Arterial,Good,Clear,Car,1,synthetic_trichyguard_not_real_stats
Zone_1_Srirangam,Low,21.9,Arterial,Good,Rainy,Two-Wheeler,11,synthetic_trichyguard_not_real_stats
Zone_2_Cantonment,Low,48.3,Highway,Good,Clear,Two-Wheeler,14,synthetic_trichyguard_not_real_stats
Zone_1_Srirangam,Medium,23.0,Local,Fair,Rainy,Auto-Rickshaw,13,synthetic_trichyguard_not_real_stats
Zone_4_Rockfort,High,35.2,Arterial,Fair,Clear,Two-Wheeler,23,synthetic_trichyguard_not_real_stats
Zone_4_Rockfort,Low,19.0,Local,Good,Rainy,Auto-Rickshaw,20,synthetic_trichyguard_not_real_stats
Zone_2_Cantonment,High,28.5,Arterial,Poor,Clear,Car,7,synthetic_trichyguard_not_real_stats
Zone_2_Cantonment,Low,35.4,Arterial,Poor,Clear,Car,22,synthetic_trichyguard_not_real_stats
Zone_1_Srirangam,Medium,27.8,Arterial,Poor,Clear,Car,15,synthetic_trichyguard_not_real_stats
Zone_1_Srirangam,Medium,34.9,Arterial,Fair,Clear,Two-Wheeler,2,synthetic_trichyguard_not_real_stats
Zone_4_Rockfort,Medium,35.0,Arterial,Good,Clear,Car,15,synthetic_trichyguard_not_real_stats
Zone_2_Cantonment,Medium,40.1,Local,Good,Clear,Two-Wheeler,14,synthetic_trichyguard_not_real_stats
Zone_4_Rockfort,Medium,20.6,Local,Fair,Clear,Two-Wheeler,20,synthetic_trichyguard_not_real_stats
Zone_2_Cantonment,High,43.4,Arterial,Fair,Clear,Car,14,synthetic_trichyguard_not_real_stats
Zone_5_Ariyamangalam,Low,38.9,Highway,Good,Clear,Bus,12,synthetic_trichyguard_not_real_stats
Zone_5_Ariyamangalam,Medium,38.4,Arterial,Fair,Rainy,Auto-Rickshaw,0,synthetic_trichyguard_not_real_stats
Zone_5_Ariyamangalam,High,44.1,Highway,Good,Clear,Bus,5,synthetic_trichyguard_not_real_stats
Zone_2_Cantonment,Medium,56.9,Arterial,Good,Rainy,Two-Wheeler,20,synthetic_trichyguard_not_real_stats
Zone_3_ThillaiNagar,High,29.3,Arterial,Fair,Rainy,Auto-Rickshaw,4,synthetic_trichyguard_not_real_stats
Zone_5_Ariyamangalam,Medium,55.8,Arterial,Poor,Clear,Car,10,synthetic_trichyguard_not_real_stats
Zone_4_Rockfort,Medium,12.7,Local,Good,Clear,Two-Wheeler,13,synthetic_trichyguard_not_real_stats
Zone_5_Ariyamangalam,Low,69.4,Local,Good,Clear,Two-Wheeler,14,synthetic_trichyguard_not_real_stats
Zone_4_Rockfort,High,20.6,Local,Poor,Clear,Two-Wheeler,23,synthetic_trichyguard_not_real_stats
Zone_1_Srirangam,Low,43.4,Highway,Good,Clear,Two-Wheeler,12,synthetic_trichyguard_not_real_stats
Zone_2_Cantonment,High,22.7,Highway,Good,Rainy,Car,16,synthetic_trichyguard_not_real_stats
Zone_1_Srirangam,Medium,23.0,Local,Fair,Clear,Car,8,synthetic_trichyguard_not_real_stats
Zone_1_Srirangam,Medium,15.9,Local,Fair,Rainy,Car,8,synthetic_trichyguard_not_real_stats
Zone_5_Ariyamangalam,Medium,55.3,Arterial,Poor,Rainy,Two-Wheeler,7,synthetic_trichyguard_not_real_stats
Zone_4_Rockfort,Medium,21.2,Arterial,Fair,Clear,Two-Wheeler,3,synthetic_trichyguard_not_real_stats
Zone_5_Ariyamangalam,Medium,55.1,Highway,Good,Clear,Two-Wheeler,4,synthetic_trichyguard_not_real_stats
Zone_2_Cantonment,Medium,13.8,Arterial,Good,Clear,Two-Wheeler,13,synthetic_trichyguard_not_real_stats
Zone_4_Rockfort,Medium,16.4,Local,Good,Clear,Car,22,synthetic_trichyguard_not_real_stats
Zone_3_ThillaiNagar,High,37.9,Local,Good,Clear,Car,6,synthetic_trichyguard_not_real_stats
Zone_4_Rockfort,Low,27.3,Local,Poor,Clear,Two-Wheeler,22,synthetic_trichyguard_not_real_stats
Zone_5_Ariyamangalam,Low,36.9,Local,Fair,Clear,Two-Wheeler,23,synthetic_trichyguard_not_real_stats
Zone_1_Srirangam,Low,25.2,Arterial,Fair,Clear,Car,2,synthetic_trichyguard_not_real_stats
Zone_1_Srirangam,Low,36.7,Local,Good,Foggy,Auto-Rickshaw,5,synthetic_trichyguard_not_real_stats
Zone_3_ThillaiNagar,High,42.4,Arterial,Good,Clear,Two-Wheeler,5,synthetic_trichyguard_not_real_stats
Zone_3_ThillaiNagar,High,30.2,Highway,Fair,Clear,Two-Wheeler,11,synthetic_trichyguard_not_real_stats
Zone_2_Cantonment,Medium,31.5,Local,Good,Clear,Two-Wheeler,14,synthetic_trichyguard_not_real_stats
Zone_3_ThillaiNagar,Medium,28.2,Arterial,Good,Clear,Car,14,synthetic_trichyguard_not_real_stats
Zone_2_Cantonment,High,46.7,Arterial,Good,Foggy,Two-Wheeler,9,synthetic_trichyguard_not_real_stats
Zone_2_Cantonment,High,43.4,Arterial,Poor,Rainy,Two-Wheeler,11,synthetic_trichyguard_not_real_stats
Zone_2_Cantonment,High,48.1,Arterial,Good,Clear,Car,0,synthetic_trichyguard_not_real_stats
Zone_4_Rockfort,Medium,31.0,Local,Poor,Rainy,Two-Wheeler,15,synthetic_trichyguard_not_real_stats
Zone_4_Rockfort,Low,26.0,Arterial,Fair,Clear,Two-Wheeler,5,synthetic_trichyguard_not_real_stats
Zone_1_Srirangam,Medium,49.1,Arterial,Fair,Clear,Car,16,synthetic_trichyguard_not_real_stats
Zone_5_Ariyamangalam,Low,62.2,Local,Fair,Rainy,Two-Wheeler,7,synthetic_trichyguard_not_real_stats
Zone_4_Rockfort,High,23.6,Local,Good,Clear,Car,4,synthetic_trichyguard_not_real_stats
Zone_4_Rockfort,Medium,30.2,Arterial,Fair,Clear,Two-Wheeler,13,synthetic_trichyguard_not_real_stats
Zone_5_Ariyamangalam,High,52.8,Highway,Fair,Clear,Bus,11,synthetic_trichyguard_not_real_stats
Zone_1_Srirangam,Medium,20.4,Highway,Good,Clear,Truck,8,synthetic_trichyguard_not_real_stats
Zone_2_Cantonment,Low,43.6,Local,Good,Clear,Two-Wheeler,13,synthetic_trichyguard_not_real_stats
Zone_5_Ariyamangalam,Low,48.7,Highway,Fair,Clear,Car,15,synthetic_trichyguard_not_real_stats
Zone_1_Srirangam,Medium,44.8,Arterial,Good,Clear,Car,3,synthetic_trichyguard_not_real_stats
Zone_4_Rockfort,High,31.9,Arterial,Fair,Clear,Car,12,synthetic_trichyguard_not_real_stats
Zone_2_Cantonment,High,37.5,Highway,Fair,Rainy,Two-Wheeler,20,synthetic_trichyguard_not_real_stats
Zone_2_Cantonment,High,40.0,Arterial,Good,Clear,Car,17,synthetic_trichyguard_not_real_stats
Zone_1_Srirangam,Medium,35.5,Local,Poor,Clear,Two-Wheeler,23,synthetic_trichyguard_not_real_stats
Zone_4_Rockfort,Medium,14.2,Highway,Fair,Clear,Car,20,synthetic_trichyguard_not_real_stats
Zone_5_Ariyamangalam,Medium,58.3,Arterial,Good,Clear,Truck,15,synthetic_trichyguard_not_real_stats
Zone_2_Cantonment,Medium,21.9,Local,Good,Rainy,Two-Wheeler,20,synthetic_trichyguard_not_real_stats
Zone_3_ThillaiNagar,Medium,30.9,Local,Good,Rainy,Car,11,synthetic_trichyguard_not_real_stats
Zone_2_Cantonment,High,41.6,Arterial,Poor,Clear,Truck,10,synthetic_trichyguard_not_real_stats
Zone_3_ThillaiNagar,Medium,19.6,Arterial,Good,Clear,Truck,3,synthetic_trichyguard_not_real_stats
Zone_2_Cantonment,Medium,45.0,Arterial,Good,Clear,Two-Wheeler,8,synthetic_trichyguard_not_real_stats
Zone_1_Srirangam,Low,31.1,Local,Poor,Clear,Two-Wheeler,22,synthetic_trichyguard_not_real_stats
Zone_4_Rockfort,Low,22.0,Arterial,Fair,Rainy,Auto-Rickshaw,17,synthetic_trichyguard_not_real_stats
Zone_5_Ariyamangalam,Medium,68.6,Arterial,Poor,Clear,Truck,5,synthetic_trichyguard_not_real_stats
Zone_5_Ariyamangalam,High,51.7,Arterial,Poor,Clear,Truck,21,synthetic_trichyguard_not_real_stats
Zone_1_Srirangam,Medium,16.6,Arterial,Fair,Clear,Two-Wheeler,3,synthetic_trichyguard_not_real_stats
Zone_4_Rockfort,High,20.3,Arterial,Good,Clear,Two-Wheeler,3,synthetic_trichyguard_not_real_stats
Zone_5_Ariyamangalam,Medium,77.9,Local,Good,Clear,Car,7,synthetic_trichyguard_not_real_stats
Zone_1_Srirangam,Low,35.4,Local,Good,Rainy,Two-Wheeler,11,synthetic_trichyguard_not_real_stats
Zone_2_Cantonment,High,31.8,Arterial,Good,Rainy,Two-Wheeler,22,synthetic_trichyguard_not_real_stats
Zone_1_Srirangam,Low,28.7,Local,Good,Clear,Two-Wheeler,5,synthetic_trichyguard_not_real_stats
Zone_3_ThillaiNagar,Medium,24.2,Arterial,Poor,Clear,Two-Wheeler,1,synthetic_trichyguard_not_real_stats
Zone_2_Cantonment,High,26.1,Arterial,Good,Clear,Two-Wheeler,19,synthetic_trichyguard_not_real_stats
Zone_4_Rockfort,High,27.6,Arterial,Poor,Foggy,Two-Wheeler,23,synthetic_trichyguard_not_real_stats
Zone_4_Rockfort,High,22.9,Arterial,Good,Rainy,Two-Wheeler,12,synthetic_trichyguard_not_real_stats
Zone_2_Cantonment,High,51.2,Arterial,Fair,Clear,Car,16,synthetic_trichyguard_not_real_stats
Zone_1_Srirangam,Medium,38.4,Highway,Fair,Rainy,Car,13,synthetic_trichyguard_not_real_stats
Zone_3_ThillaiNagar,High,28.0,Arterial,Good,Clear,Two-Wheeler,8,synthetic_trichyguard_not_real_stats
Zone_4_Rockfort,Medium,37.0,Local,Poor,Clear,Two-Wheeler,4,synthetic_trichyguard_not_real_stats
Zone_5_Ariyamangalam,Medium,66.4,Arterial,Fair,Clear,Two-Wheeler,4,synthetic_trichyguard_not_real_stats
Zone_1_Srirangam,Medium,20.0,Arterial,Fair,Clear,Two-Wheeler,14,synthetic_trichyguard_not_real_stats
Zone_5_Ariyamangalam,High,64.6,Highway,Fair,Rainy,Bus,11,synthetic_trichyguard_not_real_stats
Zone_4_Rockfort,Medium,27.7,Local,Good,Clear,Two-Wheeler,21,synthetic_trichyguard_not_real_stats
Zone_4_Rockfort,High,22.6,Arterial,Fair,Rainy,Two-Wheeler,5,synthetic_trichyguard_not_real_stats
Zone_4_Rockfort,Medium,18.9,Arterial,Good,Clear,Car,3,synthetic_trichyguard_not_real_stats
Zone_1_Srirangam,Low,45.7,Arterial,Fair,Clear,Two-Wheeler,19,synthetic_trichyguard_not_real_stats
Zone_3_ThillaiNagar,High,24.3,Local,Fair,Clear,Car,20,synthetic_trichyguard_not_real_stats
Zone_2_Cantonment,Low,30.7,Arterial,Fair,Rainy,Truck,23,synthetic_trichyguard_not_real_stats
Zone_1_Srirangam,Medium,28.8,Arterial,Good,Clear,Bus,13,synthetic_trichyguard_not_real_stats
Zone_3_ThillaiNagar,High,42.8,Local,Good,Clear,Car,0,synthetic_trichyguard_not_real_stats
Zone_5_Ariyamangalam,Low,67.8,Local,Poor,Foggy,Truck,19,synthetic_trichyguard_not_real_stats
Zone_1_Srirangam,Medium,33.6,Highway,Fair,Clear,Two-Wheeler,18,synthetic_trichyguard_not_real_stats
Zone_3_ThillaiNagar,Medium,12.3,Arterial,Good,Clear,Auto-Rickshaw,0,synthetic_trichyguard_not_real_stats
Zone_4_Rockfort,Medium,45.1,Local,Poor,Rainy,Auto-Rickshaw,3,synthetic_trichyguard_not_real_stats
Zone_3_ThillaiNagar,High,35.6,Arterial,Good,Rainy,Two-Wheeler,13,synthetic_trichyguard_not_real_stats
Zone_3_ThillaiNagar,High,28.0,Arterial,Fair,Clear,Car,17,synthetic_trichyguard_not_real_stats
Zone_4_Rockfort,Medium,20.5,Local,Fair,Clear,Two-Wheeler,12,synthetic_trichyguard_not_real_stats
Zone_2_Cantonment,High,35.4,Arterial,Fair,Clear,Two-Wheeler,13,synthetic_trichyguard_not_real_stats
Zone_2_Cantonment,Medium,27.5,Arterial,Good,Clear,Two-Wheeler,5,synthetic_trichyguard_not_real_stats
Zone_3_ThillaiNagar,High,22.1,Local,Fair,Clear,Two-Wheeler,19,synthetic_trichyguard_not_real_stats
Zone_5_Ariyamangalam,High,55.2,Highway,Good,Clear,Two-Wheeler,22,synthetic_trichyguard_not_real_stats
Zone_3_ThillaiNagar,Medium,37.6,Local,Good,Rainy,Two-Wheeler,21,synthetic_trichyguard_not_real_stats
Zone_5_Ariyamangalam,High,55.3,Arterial,Good,Clear,Two-Wheeler,12,synthetic_trichyguard_not_real_stats
Zone_4_Rockfort,Low,30.7,Local,Poor,Foggy,Bus,17,synthetic_trichyguard_not_real_stats
Zone_2_Cantonment,Low,46.3,Arterial,Good,Rainy,Two-Wheeler,4,synthetic_trichyguard_not_real_stats
Zone_4_Rockfort,High,18.0,Highway,Poor,Clear,Car,5,synthetic_trichyguard_not_real_stats
Zone_2_Cantonment,High,31.3,Local,Good,Clear,Car,4,synthetic_trichyguard_not_real_stats
Zone_2_Cantonment,Medium,42.3,Local,Poor,Clear,Two-Wheeler,8,synthetic_trichyguard_not_real_stats
Zone_1_Srirangam,Low,34.1,Local,Fair,Clear,Two-Wheeler,22,synthetic_trichyguard_not_real_stats
Zone_1_Srirangam,Low,38.0,Arterial,Fair,Clear,Truck,22,synthetic_trichyguard_not_real_stats
Zone_1_Srirangam,Medium,28.3,Arterial,Fair,Foggy,Two-Wheeler,5,synthetic_trichyguard_not_real_stats
Zone_4_Rockfort,Medium,23.5,Local,Fair,Rainy,Auto-Rickshaw,2,synthetic_trichyguard_not_real_stats
Zone_3_ThillaiNagar,Low,35.7,Arterial,Good,Foggy,Two-Wheeler,9,synthetic_trichyguard_not_real_stats
Zone_1_Srirangam,Medium,20.9,Local,Good,Clear,Two-Wheeler,18,synthetic_trichyguard_not_real_stats
Zone_5_Ariyamangalam,Medium,54.7,Highway,Fair,Rainy,Bus,20,synthetic_trichyguard_not_real_stats
Zone_4_Rockfort,Medium,26.1,Arterial,Fair,Clear,Auto-Rickshaw,12,synthetic_trichyguard_not_real_stats
Zone_4_Rockfort,High,25.2,Arterial,Fair,Clear,Two-Wheeler,20,synthetic_trichyguard_not_real_stats
Zone_1_Srirangam,Medium,46.8,Arterial,Fair,Rainy,Two-Wheeler,17,synthetic_trichyguard_not_real_stats
Zone_2_Cantonment,High,43.0,Arterial,Fair,Clear,Car,21,synthetic_trichyguard_not_real_stats
Zone_1_Srirangam,Low,28.6,Highway,Good,Clear,Car,5,synthetic_trichyguard_not_real_stats
Zone_1_Srirangam,Low,35.0,Arterial,Fair,Clear,Car,21,synthetic_trichyguard_not_real_stats
Zone_3_ThillaiNagar,Medium,37.9,Arterial,Good,Clear,Car,21,synthetic_trichyguard_not_real_stats
Zone_3_ThillaiNagar,Medium,21.5,Arterial,Fair,Clear,Two-Wheeler,13,synthetic_trichyguard_not_real_stats
Zone_2_Cantonment,Medium,30.2,Highway,Good,Clear,Two-Wheeler,8,synthetic_trichyguard_not_real_stats
Zone_3_ThillaiNagar,Medium,32.3,Local,Good,Clear,Auto-Rickshaw,11,synthetic_trichyguard_not_real_stats
Zone_3_ThillaiNagar,Medium,15.6,Arterial,Good,Clear,Two-Wheeler,4,synthetic_trichyguard_not_real_stats
Zone_4_Rockfort,Medium,16.9,Arterial,Fair,Clear,Car,11,synthetic_trichyguard_not_real_stats
Zone_3_ThillaiNagar,Medium,34.1,Arterial,Fair,Clear,Car,10,synthetic_trichyguard_not_real_stats
Zone_1_Srirangam,Low,34.7,Local,Fair,Clear,Auto-Rickshaw,10,synthetic_trichyguard_not_real_stats
Zone_5_Ariyamangalam,Low,20.9,Highway,Good,Foggy,Two-Wheeler,20,synthetic_trichyguard_not_real_stats
Zone_1_Srirangam,Low,58.3,Local,Fair,Clear,Car,17,synthetic_trichyguard_not_real_stats
Zone_3_ThillaiNagar,High,34.3,Arterial,Poor,Rainy,Two-Wheeler,13,synthetic_trichyguard_not_real_stats
Zone_1_Srirangam,Low,31.8,Local,Poor,Rainy,Two-Wheeler,0,synthetic_trichyguard_not_real_stats
Zone_1_Srirangam,Medium,21.4,Local,Fair,Clear,Two-Wheeler,15,synthetic_trichyguard_not_real_stats
Zone_1_Srirangam,Medium,30.2,Arterial,Poor,Rainy,Two-Wheeler,20,synthetic_trichyguard_not_real_stats
Zone_3_ThillaiNagar,Medium,25.3,Arterial,Poor,Clear,Two-Wheeler,22,synthetic_trichyguard_not_real_stats
Zone_4_Rockfort,High,14.6,Arterial,Poor,Rainy,Car,7,synthetic_trichyguard_not_real_stats
Zone_4_Rockfort,Medium,16.5,Local,Poor,Clear,Two-Wheeler,10,synthetic_trichyguard_not_real_stats
Zone_5_Ariyamangalam,Medium,33.7,Arterial,Poor,Rainy,Bus,5,synthetic_trichyguard_not_real_stats
Zone_5_Ariyamangalam,Medium,53.5,Highway,Fair,Rainy,Bus,7,synthetic_trichyguard_not_real_stats
Zone_3_ThillaiNagar,Medium,39.6,Local,Poor,Clear,Two-Wheeler,6,synthetic_trichyguard_not_real_stats
Zone_4_Rockfort,Medium,16.1,Arterial,Good,Clear,Two-Wheeler,5,synthetic_trichyguard_not_real_stats
Zone_2_Cantonment,Medium,25.9,Arterial,Good,Clear,Two-Wheeler,18,synthetic_trichyguard_not_real_stats
Zone_5_Ariyamangalam,Medium,56.0,Local,Good,Clear,Two-Wheeler,21,synthetic_trichyguard_not_real_stats
Zone_4_Rockfort,High,22.1,Arterial,Good,Foggy,Car,2,synthetic_trichyguard_not_real_stats
Zone_4_Rockfort,Medium,18.9,Highway,Good,Clear,Auto-Rickshaw,6,synthetic_trichyguard_not_real_stats
Zone_4_Rockfort,High,32.2,Arterial,Poor,Clear,Two-Wheeler,6,synthetic_trichyguard_not_real_stats
Zone_1_Srirangam,Low,39.3,Arterial,Fair,Clear,Two-Wheeler,17,synthetic_trichyguard_not_real_stats
Zone_5_Ariyamangalam,Low,75.1,Arterial,Good,Rainy,Auto-Rickshaw,16,synthetic_trichyguard_not_real_stats
Zone_3_ThillaiNagar,High,28.4,Local,Good,Clear,Two-Wheeler,7,synthetic_trichyguard_not_real_stats
Zone_3_ThillaiNagar,High,22.3,Local,Fair,Clear,Car,13,synthetic_trichyguard_not_real_stats
Zone_3_ThillaiNagar,Medium,34.9,Arterial,Poor,Rainy,Auto-Rickshaw,14,synthetic_trichyguard_not_real_stats
Zone_1_Srirangam,High,19.1,Arterial,Fair,Clear,Car,0,synthetic_trichyguard_not_real_stats
Zone_4_Rockfort,Low,27.8,Highway,Good,Clear,Two-Wheeler,23,synthetic_trichyguard_not_real_stats
Zone_4_Rockfort,Medium,31.0,Arterial,Fair,Clear,Auto-Rickshaw,4,synthetic_trichyguard_not_real_stats
Zone_2_Cantonment,High,42.5,Highway,Fair,Clear,Car,22,synthetic_trichyguard_not_real_stats
Zone_1_Srirangam,Low,27.5,Arterial,Fair,Clear,Two-Wheeler,18,synthetic_trichyguard_not_real_stats
Zone_5_Ariyamangalam,Medium,47.8,Highway,Poor,Clear,Bus,16,synthetic_trichyguard_not_real_stats
Zone_5_Ariyamangalam,Medium,69.9,Local,Poor,Clear,Two-Wheeler,5,synthetic_trichyguard_not_real_stats
Zone_5_Ariyamangalam,High,25.3,Highway,Fair,Clear,Truck,22,synthetic_trichyguard_not_real_stats
Zone_4_Rockfort,Medium,15.1,Local,Good,Clear,Car,16,synthetic_trichyguard_not_real_stats
Zone_1_Srirangam,Low,23.3,Local,Fair,Clear,Truck,3,synthetic_trichyguard_not_real_stats
Zone_5_Ariyamangalam,Low,76.8,Local,Fair,Clear,Bus,13,synthetic_trichyguard_not_real_stats
Zone_4_Rockfort,High,22.2,Local,Fair,Foggy,Auto-Rickshaw,21,synthetic_trichyguard_not_real_stats
Zone_3_ThillaiNagar,High,36.3,Arterial,Poor,Clear,Auto-Rickshaw,0,synthetic_trichyguard_not_real_stats
Zone_4_Rockfort,High,25.5,Arterial,Poor,Rainy,Two-Wheeler,12,synthetic_trichyguard_not_real_stats
Zone_3_ThillaiNagar,Medium,34.7,Arterial,Poor,Clear,Car,13,synthetic_trichyguard_not_real_stats
Zone_1_Srirangam,Low,35.2,Arterial,Good,Clear,Truck,10,synthetic_trichyguard_not_real_stats
Zone_2_Cantonment,Medium,23.9,Arterial,Fair,Clear,Two-Wheeler,20,synthetic_trichyguard_not_real_stats
Zone_2_Cantonment,High,44.6,Arterial,Fair,Clear,Two-Wheeler,13,synthetic_trichyguard_not_real_stats
Zone_5_Ariyamangalam,High,48.0,Arterial,Good,Rainy,Auto-Rickshaw,11,synthetic_trichyguard_not_real_stats
Zone_3_ThillaiNagar,Medium,23.7,Local,Fair,Rainy,Car,12,synthetic_trichyguard_not_real_stats
Zone_3_ThillaiNagar,High,32.6,Highway,Fair,Rainy,Two-Wheeler,17,synthetic_trichyguard_not_real_stats
Zone_5_Ariyamangalam,Medium,42.7,Highway,Good,Rainy,Two-Wheeler,18,synthetic_trichyguard_not_real_stats
Zone_1_Srirangam,Medium,39.5,Arterial,Good,Foggy,Two-Wheeler,20,synthetic_trichyguard_not_real_stats
Zone_2_Cantonment,High,44.7,Local,Poor,Clear,Car,4,synthetic_trichyguard_not_real_stats
Zone_2_Cantonment,High,35.9,Arterial,Good,Clear,Bus,7,synthetic_trichyguard_not_real_stats
Zone_5_Ariyamangalam,Medium,24.2,Local,Fair,Clear,Two-Wheeler,3,synthetic_trichyguard_not_real_stats
Zone_1_Srirangam,Medium,27.8,Arterial,Poor,Clear,Two-Wheeler,15,synthetic_trichyguard_not_real_stats
Zone_2_Cantonment,High,43.3,Arterial,Fair,Clear,Car,19,synthetic_trichyguard_not_real_stats
Zone_3_ThillaiNagar,Low,28.1,Local,Good,Clear,Auto-Rickshaw,8,synthetic_trichyguard_not_real_stats
Zone_2_Cantonment,Low,42.6,Local,Fair,Foggy,Two-Wheeler,10,synthetic_trichyguard_not_real_stats
Zone_5_Ariyamangalam,Low,69.4,Highway,Fair,Foggy,Truck,8,synthetic_trichyguard_not_real_stats
Zone_2_Cantonment,High,55.7,Arterial,Good,Foggy,Two-Wheeler,7,synthetic_trichyguard_not_real_stats
Zone_5_Ariyamangalam,Medium,40.0,Highway,Poor,Clear,Car,16,synthetic_trichyguard_not_real_stats
Zone_4_Rockfort,Medium,23.5,Highway,Fair,Foggy,Two-Wheeler,2,synthetic_trichyguard_not_real_stats
Zone_1_Srirangam,Medium,29.7,Arterial,Fair,Clear,Two-Wheeler,8,synthetic_trichyguard_not_real_stats
Zone_2_Cantonment,High,23.2,Arterial,Poor,Clear,Truck,19,synthetic_trichyguard_not_real_stats
Zone_4_Rockfort,High,22.4,Local,Good,Rainy,Two-Wheeler,14,synthetic_trichyguard_not_real_stats
Zone_5_Ariyamangalam,Medium,48.0,Arterial,Good,Clear,Bus,21,synthetic_trichyguard_not_real_stats
Zone_2_Cantonment,Medium,36.5,Local,Fair,Clear,Two-Wheeler,3,synthetic_trichyguard_not_real_stats
Zone_2_Cantonment,Medium,27.8,Arterial,Good,Rainy,Car,19,synthetic_trichyguard_not_real_stats
Zone_4_Rockfort,High,26.4,Highway,Poor,Clear,Bus,17,synthetic_trichyguard_not_real_stats
Zone_2_Cantonment,High,35.6,Highway,Fair,Clear,Car,7,synthetic_trichyguard_not_real_stats
Zone_4_Rockfort,High,47.4,Local,Poor,Clear,Two-Wheeler,13,synthetic_trichyguard_not_real_stats
Zone_4_Rockfort,High,30.6,Arterial,Fair,Clear,Bus,5,synthetic_trichyguard_not_real_stats
Zone_1_Srirangam,Low,35.9,Arterial,Good,Clear,Car,7,synthetic_trichyguard_not_real_stats
Zone_1_Srirangam,Medium,40.4,Arterial,Fair,Clear,Car,18,synthetic_trichyguard_not_real_stats
Zone_5_Ariyamangalam,Low,49.1,Local,Fair,Clear,Two-Wheeler,6,synthetic_trichyguard_not_real_stats
Zone_3_ThillaiNagar,High,34.1,Highway,Good,Clear,Two-Wheeler,21,synthetic_trichyguard_not_real_stats
Zone_1_Srirangam,Low,31.6,Arterial,Fair,Clear,Car,22,synthetic_trichyguard_not_real_stats
Zone_1_Srirangam,Medium,46.7,Local,Poor,Clear,Car,4,synthetic_trichyguard_not_real_stats
Zone_4_Rockfort,High,28.2,Arterial,Fair,Rainy,Bus,5,synthetic_trichyguard_not_real_stats
Zone_4_Rockfort,Low,27.2,Arterial,Good,Clear,Truck,8,synthetic_trichyguard_not_real_stats
Zone_4_Rockfort,Medium,33.1,Local,Poor,Clear,Two-Wheeler,17,synthetic_trichyguard_not_real_stats
Zone_3_ThillaiNagar,Low,33.7,Arterial,Good,Clear,Two-Wheeler,18,synthetic_trichyguard_not_real_stats
Zone_1_Srirangam,Medium,27.3,Local,Good,Clear,Car,9,synthetic_trichyguard_not_real_stats
Zone_2_Cantonment,High,39.4,Local,Good,Foggy,Car,4,synthetic_trichyguard_not_real_stats
Zone_1_Srirangam,Low,29.2,Arterial,Fair,Clear,Two-Wheeler,6,synthetic_trichyguard_not_real_stats
Zone_5_Ariyamangalam,Medium,20.0,Local,Fair,Clear,Truck,12,synthetic_trichyguard_not_real_stats
Zone_3_ThillaiNagar,Medium,10.0,Arterial,Fair,Clear,Auto-Rickshaw,2,synthetic_trichyguard_not_real_stats
Zone_5_Ariyamangalam,High,51.2,Local,Poor,Clear,Two-Wheeler,13,synthetic_trichyguard_not_real_stats
Zone_4_Rockfort,High,28.7,Arterial,Good,Clear,Auto-Rickshaw,9,synthetic_trichyguard_not_real_stats
Zone_2_Cantonment,Medium,24.4,Arterial,Fair,Clear,Auto-Rickshaw,19,synthetic_trichyguard_not_real_stats
Zone_3_ThillaiNagar,Medium,27.7,Local,Good,Rainy,Two-Wheeler,1,synthetic_trichyguard_not_real_stats
Zone_3_ThillaiNagar,Medium,23.8,Local,Poor,Clear,Two-Wheeler,11,synthetic_trichyguard_not_real_stats
Zone_2_Cantonment,High,29.7,Local,Fair,Clear,Two-Wheeler,23,synthetic_trichyguard_not_real_stats
Zone_5_Ariyamangalam,High,39.8,Arterial,Fair,Rainy,Bus,5,synthetic_trichyguard_not_real_stats
Zone_1_Srirangam,Medium,31.9,Arterial,Good,Rainy,Two-Wheeler,4,synthetic_trichyguard_not_real_stats
Zone_5_Ariyamangalam,Low,50.8,Highway,Fair,Clear,Truck,1,synthetic_trichyguard_not_real_stats
Zone_2_Cantonment,Medium,34.5,Arterial,Good,Clear,Car,0,synthetic_trichyguard_not_real_stats
Zone_1_Srirangam,Medium,35.9,Local,Fair,Clear,Car,21,synthetic_trichyguard_not_real_stats
Zone_3_ThillaiNagar,High,55.0,Local,Fair,Clear,Car,17,synthetic_trichyguard_not_real_stats
Zone_2_Cantonment,High,51.5,Highway,Good,Clear,Car,13,synthetic_trichyguard_not_real_stats
Zone_5_Ariyamangalam,High,73.4,Local,Good,Clear,Two-Wheeler,6,synthetic_trichyguard_not_real_stats
Zone_2_Cantonment,Medium,26.3,Arterial,Good,Clear,Two-Wheeler,14,synthetic_trichyguard_not_real_stats
Zone_3_ThillaiNagar,Medium,35.4,Arterial,Poor,Clear,Two-Wheeler,11,synthetic_trichyguard_not_real_stats
Zone_4_Rockfort,Medium,24.5,Local,Fair,Rainy,Two-Wheeler,9,synthetic_trichyguard_not_real_stats
Zone_3_ThillaiNagar,High,35.4,Local,Poor,Clear,Auto-Rickshaw,0,synthetic_trichyguard_not_real_stats
Zone_3_ThillaiNagar,Medium,14.5,Highway,Good,Clear,Car,17,synthetic_trichyguard_not_real_stats
Zone_4_Rockfort,Medium,29.0,Arterial,Poor,Clear,Two-Wheeler,18,synthetic_trichyguard_not_real_stats
Zone_2_Cantonment,High,31.6,Arterial,Good,Clear,Two-Wheeler,3,synthetic_trichyguard_not_real_stats
Zone_4_Rockfort,Medium,31.8,Arterial,Good,Clear,Two-Wheeler,7,synthetic_trichyguard_not_real_stats
Zone_3_ThillaiNagar,Medium,16.7,Arterial,Fair,Clear,Two-Wheeler,21,synthetic_trichyguard_not_real_stats
Zone_1_Srirangam,Low,45.3,Local,Fair,Rainy,Two-Wheeler,21,synthetic_trichyguard_not_real_stats
Zone_1_Srirangam,Medium,36.6,Local,Good,Rainy,Two-Wheeler,17,synthetic_trichyguard_not_real_stats
Zone_5_Ariyamangalam,High,43.6,Highway,Fair,Clear,Bus,11,synthetic_trichyguard_not_real_stats
Zone_5_Ariyamangalam,High,54.2,Arterial,Good,Clear,Truck,17,synthetic_trichyguard_not_real_stats
Zone_3_ThillaiNagar,High,24.4,Arterial,Good,Clear,Bus,11,synthetic_trichyguard_not_real_stats
Zone_2_Cantonment,High,51.9,Highway,Good,Clear,Auto-Rickshaw,10,synthetic_trichyguard_not_real_stats
Zone_4_Rockfort,Medium,21.6,Arterial,Fair,Clear,Auto-Rickshaw,23,synthetic_trichyguard_not_real_stats
Zone_2_Cantonment,Low,37.6,Arterial,Good,Clear,Two-Wheeler,5,synthetic_trichyguard_not_real_stats
Zone_2_Cantonment,Medium,49.2,Highway,Poor,Clear,Car,11,synthetic_trichyguard_not_real_stats
Zone_4_Rockfort,Medium,19.6,Local,Good,Rainy,Auto-Rickshaw,14,synthetic_trichyguard_not_real_stats
Zone_1_Srirangam,Medium,20.0,Arterial,Good,Rainy,Auto-Rickshaw,0,synthetic_trichyguard_not_real_stats
Zone_1_Srirangam,Low,36.7,Highway,Poor,Clear,Bus,19,synthetic_trichyguard_not_real_stats
Zone_4_Rockfort,Medium,25.9,Local,Fair,Clear,Two-Wheeler,10,synthetic_trichyguard_not_real_stats
Zone_4_Rockfort,Medium,24.2,Arterial,Fair,Clear,Two-Wheeler,22,synthetic_trichyguard_not_real_stats
Zone_1_Srirangam,Low,24.0,Local,Good,Clear,Bus,18,synthetic_trichyguard_not_real_stats
Zone_2_Cantonment,Low,29.7,Local,Fair,Clear,Car,4,synthetic_trichyguard_not_real_stats
Zone_4_Rockfort,High,28.1,Local,Good,Clear,Two-Wheeler,17,synthetic_trichyguard_not_real_stats
Zone_1_Srirangam,Medium,31.9,Arterial,Good,Clear,Car,21,synthetic_trichyguard_not_real_stats
Zone_4_Rockfort,High,16.2,Arterial,Poor,Clear,Bus,2,synthetic_trichyguard_not_real_stats
Zone_2_Cantonment,Low,29.9,Arterial,Good,Clear,Car,12,synthetic_trichyguard_not_real_stats
Zone_1_Srirangam,Low,41.8,Arterial,Good,Clear,Car,7,synthetic_trichyguard_not_real_stats
Zone_4_Rockfort,High,38.2,Local,Fair,Clear,Two-Wheeler,17,synthetic_trichyguard_not_real_stats
Zone_4_Rockfort,Medium,27.0,Local,Good,Clear,Auto-Rickshaw,17,synthetic_trichyguard_not_real_stats
Zone_3_ThillaiNagar,High,39.2,Arterial,Good,Clear,Auto-Rickshaw,18,synthetic_trichyguard_not_real_stats
Zone_3_ThillaiNagar,Low,45.8,Arterial,Fair,Clear,Car,2,synthetic_trichyguard_not_real_stats
Zone_2_Cantonment,High,47.6,Arterial,Good,Rainy,Truck,19,synthetic_trichyguard_not_real_stats
Zone_2_Cantonment,High,42.7,Arterial,Fair,Clear,Car,20,synthetic_trichyguard_not_real_stats
Zone_4_Rockfort,Low,23.6,Arterial,Poor,Clear,Two-Wheeler,5,synthetic_trichyguard_not_real_stats
Zone_1_Srirangam,Low,29.8,Arterial,Fair,Foggy,Car,20,synthetic_trichyguard_not_real_stats
Zone_2_Cantonment,High,37.2,Local,Good,Rainy,Auto-Rickshaw,11,synthetic_trichyguard_not_real_stats
Zone_4_Rockfort,Medium,32.3,Arterial,Good,Clear,Two-Wheeler,14,synthetic_trichyguard_not_real_stats
Zone_4_Rockfort,Medium,25.1,Local,Good,Clear,Auto-Rickshaw,11,synthetic_trichyguard_not_real_stats
Zone_2_Cantonment,Low,57.3,Highway,Fair,Rainy,Two-Wheeler,23,synthetic_trichyguard_not_real_stats
Zone_1_Srirangam,Medium,47.8,Arterial,Fair,Clear,Two-Wheeler,9,synthetic_trichyguard_not_real_stats
Zone_2_Cantonment,Low,42.6,Local,Poor,Clear,Two-Wheeler,1,synthetic_trichyguard_not_real_stats
Zone_2_Cantonment,High,18.9,Highway,Poor,Clear,Car,2,synthetic_trichyguard_not_real_stats
Zone_4_Rockfort,High,31.7,Local,Good,Clear,Two-Wheeler,20,synthetic_trichyguard_not_real_stats
Zone_2_Cantonment,Medium,22.5,Arterial,Good,Clear,Car,15,synthetic_trichyguard_not_real_stats
Zone_5_Ariyamangalam,High,34.1,Highway,Fair,Clear,Auto-Rickshaw,6,synthetic_trichyguard_not_real_stats
Zone_2_Cantonment,High,40.2,Highway,Poor,Clear,Auto-Rickshaw,19,synthetic_trichyguard_not_real_stats
Zone_4_Rockfort,Medium,35.0,Arterial,Good,Clear,Auto-Rickshaw,12,synthetic_trichyguard_not_real_stats
Zone_2_Cantonment,Medium,36.0,Local,Fair,Clear,Two-Wheeler,7,synthetic_trichyguard_not_real_stats
Zone_3_ThillaiNagar,High,28.1,Arterial,Poor,Clear,Car,15,synthetic_trichyguard_not_real_stats
Zone_4_Rockfort,High,35.9,Arterial,Poor,Foggy,Bus,21,synthetic_trichyguard_not_real_stats
Zone_3_ThillaiNagar,Medium,10.0,Local,Good,Clear,Car,16,synthetic_trichyguard_not_real_stats
Zone_3_ThillaiNagar,High,24.4,Arterial,Fair,Clear,Car,12,synthetic_trichyguard_not_real_stats
Zone_1_Srirangam,Medium,33.3,Arterial,Poor,Clear,Car,20,synthetic_trichyguard_not_real_stats
Zone_2_Cantonment,High,41.0,Highway,Good,Rainy,Two-Wheeler,12,synthetic_trichyguard_not_real_stats
Zone_2_Cantonment,High,40.5,Arterial,Good,Clear,Two-Wheeler,4,synthetic_trichyguard_not_real_stats
Zone_2_Cantonment,High,40.9,Arterial,Fair,Rainy,Two-Wheeler,16,synthetic_trichyguard_not_real_stats
Zone_3_ThillaiNagar,Medium,13.8,Local,Good,Clear,Two-Wheeler,16,synthetic_trichyguard_not_real_stats
Zone_5_Ariyamangalam,Medium,43.6,Local,Fair,Rainy,Car,6,synthetic_trichyguard_not_real_stats
Zone_5_Ariyamangalam,Low,37.1,Arterial,Good,Clear,Bus,1,synthetic_trichyguard_not_real_stats
Zone_5_Ariyamangalam,High,35.9,Arterial,Fair,Rainy,Two-Wheeler,16,synthetic_trichyguard_not_real_stats
Zone_1_Srirangam,Low,21.3,Highway,Fair,Clear,Two-Wheeler,2,synthetic_trichyguard_not_real_stats
Zone_1_Srirangam,High,30.6,Arterial,Good,Clear,Two-Wheeler,23,synthetic_trichyguard_not_real_stats
Zone_3_ThillaiNagar,Medium,38.8,Local,Fair,Clear,Auto-Rickshaw,4,synthetic_trichyguard_not_real_stats
Zone_4_Rockfort,High,23.8,Local,Fair,Clear,Two-Wheeler,19,synthetic_trichyguard_not_real_stats
Zone_3_ThillaiNagar,High,36.4,Arterial,Good,Clear,Two-Wheeler,1,synthetic_trichyguard_not_real_stats
Zone_4_Rockfort,Medium,29.9,Local,Fair,Rainy,Two-Wheeler,15,synthetic_trichyguard_not_real_stats
Zone_5_Ariyamangalam,Medium,32.3,Highway,Fair,Clear,Bus,9,synthetic_trichyguard_not_real_stats
Zone_4_Rockfort,Low,38.1,Local,Good,Clear,Two-Wheeler,12,synthetic_trichyguard_not_real_stats
Zone_4_Rockfort,High,31.3,Local,Fair,Clear,Two-Wheeler,2,synthetic_trichyguard_not_real_stats
Zone_4_Rockfort,Medium,32.1,Local,Poor,Clear,Two-Wheeler,15,synthetic_trichyguard_not_real_stats
Zone_2_Cantonment,Medium,25.3,Arterial,Poor,Clear,Bus,16,synthetic_trichyguard_not_real_stats
Zone_3_ThillaiNagar,High,20.6,Arterial,Poor,Clear,Two-Wheeler,3,synthetic_trichyguard_not_real_stats
Zone_1_Srirangam,Medium,29.7,Arterial,Fair,Rainy,Two-Wheeler,5,synthetic_trichyguard_not_real_stats
Zone_2_Cantonment,High,33.6,Arterial,Poor,Clear,Bus,12,synthetic_trichyguard_not_real_stats
Zone_5_Ariyamangalam,Medium,68.4,Arterial,Fair,Rainy,Bus,6,synthetic_trichyguard_not_real_stats
Zone_2_Cantonment,High,43.9,Arterial,Good,Clear,Car,9,synthetic_trichyguard_not_real_stats
Zone_3_ThillaiNagar,High,33.1,Arterial,Poor,Clear,Car,0,synthetic_trichyguard_not_real_stats
Zone_1_Srirangam,Low,35.4,Local,Good,Clear,Car,10,synthetic_trichyguard_not_real_stats
Zone_4_Rockfort,High,18.0,Local,Fair,Clear,Two-Wheeler,21,synthetic_trichyguard_not_real_stats
Zone_5_Ariyamangalam,Medium,55.9,Local,Good,Clear,Two-Wheeler,17,synthetic_trichyguard_not_real_stats
Zone_5_Ariyamangalam,Medium,56.0,Local,Fair,Clear,Two-Wheeler,15,synthetic_trichyguard_not_real_stats
Zone_4_Rockfort,Medium,27.1,Local,Poor,Clear,Two-Wheeler,10,synthetic_trichyguard_not_real_stats
Zone_1_Srirangam,Medium,19.6,Local,Fair,Clear,Car,8,synthetic_trichyguard_not_real_stats
Zone_1_Srirangam,Medium,26.4,Local,Good,Clear,Two-Wheeler,11,synthetic_trichyguard_not_real_stats
Zone_3_ThillaiNagar,Low,36.7,Arterial,Good,Foggy,Car,10,synthetic_trichyguard_not_real_stats
Zone_5_Ariyamangalam,High,52.0,Highway,Fair,Clear,Car,8,synthetic_trichyguard_not_real_stats
Zone_3_ThillaiNagar,Medium,32.9,Highway,Good,Clear,Auto-Rickshaw,19,synthetic_trichyguard_not_real_stats
Zone_4_Rockfort,High,26.3,Highway,Poor,Clear,Two-Wheeler,0,synthetic_trichyguard_not_real_stats
Zone_5_Ariyamangalam,High,55.7,Local,Good,Rainy,Truck,11,synthetic_trichyguard_not_real_stats
Zone_4_Rockfort,High,27.2,Local,Good,Clear,Two-Wheeler,19,synthetic_trichyguard_not_real_stats
Zone_4_Rockfort,Low,37.0,Local,Poor,Foggy,Car,14,synthetic_trichyguard_not_real_stats
Zone_2_Cantonment,Medium,32.4,Arterial,Fair,Foggy,Two-Wheeler,4,synthetic_trichyguard_not_real_stats
Zone_5_Ariyamangalam,Medium,66.2,Local,Fair,Clear,Auto-Rickshaw,8,synthetic_trichyguard_not_real_stats
Zone_1_Srirangam,Low,30.5,Arterial,Good,Clear,Auto-Rickshaw,1,synthetic_trichyguard_not_real_stats
Zone_2_Cantonment,Medium,21.5,Arterial,Good,Clear,Auto-Rickshaw,7,synthetic_trichyguard_not_real_stats
Zone_2_Cantonment,Medium,23.7,Arterial,Good,Clear,Car,20,synthetic_trichyguard_not_real_stats
Zone_2_Cantonment,Medium,41.8,Highway,Good,Clear,Car,2,synthetic_trichyguard_not_real_stats
Zone_3_ThillaiNagar,High,27.7,Arterial,Good,Clear,Car,17,synthetic_trichyguard_not_real_stats
Zone_5_Ariyamangalam,High,52.4,Highway,Fair,Rainy,Two-Wheeler,17,synthetic_trichyguard_not_real_stats
Zone_3_ThillaiNagar,High,21.8,Arterial,Poor,Foggy,Car,2,synthetic_trichyguard_not_real_stats
Zone_1_Srirangam,Medium,28.5,Arterial,Good,Clear,Two-Wheeler,13,synthetic_trichyguard_not_real_stats
Zone_1_Srirangam,Medium,30.0,Arterial,Fair,Clear,Auto-Rickshaw,5,synthetic_trichyguard_not_real_stats
Zone_5_Ariyamangalam,Medium,26.4,Highway,Poor,Clear,Car,17,synthetic_trichyguard_not_real_stats
Zone_5_Ariyamangalam,Low,60.1,Arterial,Good,Clear,Car,0,synthetic_trichyguard_not_real_stats
Zone_2_Cantonment,High,42.4,Arterial,Fair,Rainy,Car,10,synthetic_trichyguard_not_real_stats
Zone_5_Ariyamangalam,Low,48.8,Arterial,Good,Clear,Two-Wheeler,10,synthetic_trichyguard_not_real_stats
Zone_5_Ariyamangalam,High,47.2,Arterial,Fair,Clear,Truck,22,synthetic_trichyguard_not_real_stats
Zone_2_Cantonment,High,28.0,Arterial,Good,Rainy,Car,17,synthetic_trichyguard_not_real_stats
Zone_1_Srirangam,Medium,46.3,Local,Good,Clear,Auto-Rickshaw,9,synthetic_trichyguard_not_real_stats
Zone_5_Ariyamangalam,Medium,51.6,Highway,Fair,Clear,Car,22,synthetic_trichyguard_not_real_stats
Zone_3_ThillaiNagar,Medium,30.4,Highway,Fair,Clear,Two-Wheeler,15,synthetic_trichyguard_not_real_stats
Zone_1_Srirangam,Medium,44.7,Arterial,Good,Rainy,Bus,15,synthetic_trichyguard_not_real_stats
Zone_1_Srirangam,Low,30.8,Local,Good,Clear,Two-Wheeler,23,synthetic_trichyguard_not_real_stats
Zone_4_Rockfort,Medium,36.7,Local,Fair,Clear,Car,16,synthetic_trichyguard_not_real_stats
Zone_3_ThillaiNagar,Low,31.3,Arterial,Good,Clear,Car,8,synthetic_trichyguard_not_real_stats
Zone_5_Ariyamangalam,Medium,39.9,Arterial,Fair,Rainy,Car,21,synthetic_trichyguard_not_real_stats
Zone_3_ThillaiNagar,Medium,32.7,Arterial,Good,Rainy,Car,17,synthetic_trichyguard_not_real_stats
Zone_2_Cantonment,High,48.4,Arterial,Fair,Clear,Car,5,synthetic_trichyguard_not_real_stats
Zone_5_Ariyamangalam,Medium,50.6,Local,Fair,Clear,Two-Wheeler,2,synthetic_trichyguard_not_real_stats
Zone_1_Srirangam,Medium,34.1,Local,Fair,Clear,Two-Wheeler,16,synthetic_trichyguard_not_real_stats
Zone_1_Srirangam,Medium,35.1,Arterial,Fair,Clear,Two-Wheeler,3,synthetic_trichyguard_not_real_stats
Zone_5_Ariyamangalam,Low,55.0,Arterial,Poor,Clear,Truck,14,synthetic_trichyguard_not_real_stats
Zone_3_ThillaiNagar,High,20.8,Arterial,Good,Clear,Auto-Rickshaw,0,synthetic_trichyguard_not_real_stats
Zone_5_Ariyamangalam,Low,72.5,Highway,Good,Rainy,Bus,14,synthetic_trichyguard_not_real_stats
Zone_5_Ariyamangalam,Medium,44.3,Highway,Good,Clear,Bus,16,synthetic_trichyguard_not_real_stats
Zone_5_Ariyamangalam,High,42.0,Arterial,Good,Foggy,Bus,6,synthetic_trichyguard_not_real_stats
Zone_1_Srirangam,High,37.8,Highway,Fair,Clear,Car,5,synthetic_trichyguard_not_real_stats
Zone_4_Rockfort,Medium,29.2,Highway,Fair,Rainy,Two-Wheeler,14,synthetic_trichyguard_not_real_stats
Zone_5_Ariyamangalam,Low,54.7,Arterial,Good,Clear,Two-Wheeler,9,synthetic_trichyguard_not_real_stats
Zone_4_Rockfort,High,10.0,Highway,Fair,Clear,Auto-Rickshaw,4,synthetic_trichyguard_not_real_stats
Zone_3_ThillaiNagar,Medium,37.1,Local,Fair,Clear,Car,20,synthetic_trichyguard_not_real_stats
Zone_3_ThillaiNagar,Low,18.7,Local,Good,Clear,Bus,2,synthetic_trichyguard_not_real_stats
Zone_5_Ariyamangalam,Low,77.4,Local,Poor,Clear,Truck,15,synthetic_trichyguard_not_real_stats
Zone_3_ThillaiNagar,Medium,17.3,Arterial,Good,Clear,Two-Wheeler,9,synthetic_trichyguard_not_real_stats
Zone_4_Rockfort,High,28.1,Arterial,Good,Clear,Two-Wheeler,8,synthetic_trichyguard_not_real_stats
Zone_2_Cantonment,Medium,32.1,Arterial,Poor,Clear,Two-Wheeler,14,synthetic_trichyguard_not_real_stats
Zone_5_Ariyamangalam,Low,64.3,Arterial,Good,Clear,Bus,12,synthetic_trichyguard_not_real_stats
Zone_5_Ariyamangalam,Medium,53.9,Highway,Good,Clear,Two-Wheeler,9,synthetic_trichyguard_not_real_stats
Zone_3_ThillaiNagar,Low,28.5,Local,Fair,Clear,Two-Wheeler,13,synthetic_trichyguard_not_real_stats
Zone_2_Cantonment,High,29.1,Arterial,Good,Clear,Car,17,synthetic_trichyguard_not_real_stats
Zone_4_Rockfort,High,18.6,Arterial,Poor,Clear,Car,14,synthetic_trichyguard_not_real_stats
Zone_1_Srirangam,High,34.7,Local,Fair,Rainy,Two-Wheeler,3,synthetic_trichyguard_not_real_stats
Zone_2_Cantonment,High,36.0,Arterial,Good,Clear,Car,9,synthetic_trichyguard_not_real_stats
Zone_3_ThillaiNagar,High,33.5,Highway,Fair,Foggy,Car,4,synthetic_trichyguard_not_real_stats
Zone_4_Rockfort,High,23.0,Highway,Fair,Clear,Two-Wheeler,12,synthetic_trichyguard_not_real_stats
Zone_3_ThillaiNagar,Medium,26.6,Highway,Fair,Rainy,Two-Wheeler,8,synthetic_trichyguard_not_real_stats
Zone_5_Ariyamangalam,High,66.6,Arterial,Poor,Foggy,Two-Wheeler,15,synthetic_trichyguard_not_real_stats
Zone_3_ThillaiNagar,Medium,36.6,Local,Good,Clear,Auto-Rickshaw,16,synthetic_trichyguard_not_real_stats
Zone_5_Ariyamangalam,Low,42.2,Highway,Fair,Clear,Car,3,synthetic_trichyguard_not_real_stats
Zone_1_Srirangam,High,32.1,Local,Fair,Foggy,Two-Wheeler,5,synthetic_trichyguard_not_real_stats
Zone_3_ThillaiNagar,High,32.6,Local,Poor,Clear,Two-Wheeler,5,synthetic_trichyguard_not_real_stats
Zone_4_Rockfort,Low,36.0,Local,Poor,Foggy,Two-Wheeler,4,synthetic_trichyguard_not_real_stats
Zone_3_ThillaiNagar,High,43.9,Local,Good,Clear,Auto-Rickshaw,16,synthetic_trichyguard_not_real_stats
Zone_5_Ariyamangalam,Low,57.1,Local,Good,Clear,Truck,8,synthetic_trichyguard_not_real_stats
Zone_4_Rockfort,Medium,33.5,Local,Fair,Clear,Auto-Rickshaw,4,synthetic_trichyguard_not_real_stats
Zone_1_Srirangam,Low,47.5,Arterial,Fair,Clear,Two-Wheeler,0,synthetic_trichyguard_not_real_stats
Zone_4_Rockfort,High,30.2,Arterial,Fair,Rainy,Car,6,synthetic_trichyguard_not_real_stats
Zone_3_ThillaiNagar,High,18.4,Arterial,Fair,Clear,Auto-Rickshaw,2,synthetic_trichyguard_not_real_stats
Zone_4_Rockfort,Low,31.6,Local,Poor,Clear,Two-Wheeler,22,synthetic_trichyguard_not_real_stats
Zone_5_Ariyamangalam,High,74.7,Highway,Good,Rainy,Bus,23,synthetic_trichyguard_not_real_stats
Zone_2_Cantonment,High,24.0,Highway,Fair,Clear,Car,1,synthetic_trichyguard_not_real_stats
Zone_2_Cantonment,Medium,29.5,Arterial,Fair,Clear,Car,21,synthetic_trichyguard_not_real_stats
Zone_1_Srirangam,Low,32.1,Local,Fair,Clear,Car,14,synthetic_trichyguard_not_real_stats
Zone_1_Srirangam,Low,25.7,Highway,Fair,Clear,Two-Wheeler,21,synthetic_trichyguard_not_real_stats
Zone_4_Rockfort,High,24.1,Arterial,Poor,Clear,Car,17,synthetic_trichyguard_not_real_stats
Zone_1_Srirangam,Medium,44.1,Local,Poor,Clear,Two-Wheeler,14,synthetic_trichyguard_not_real_stats
Zone_3_ThillaiNagar,Medium,21.3,Arterial,Fair,Clear,Car,22,synthetic_trichyguard_not_real_stats
Zone_4_Rockfort,Low,33.9,Local,Fair,Clear,Car,15,synthetic_trichyguard_not_real_stats
Zone_5_Ariyamangalam,High,34.8,Arterial,Good,Clear,Auto-Rickshaw,18,synthetic_trichyguard_not_real_stats
Zone_5_Ariyamangalam,Medium,42.0,Local,Good,Foggy,Car,4,synthetic_trichyguard_not_real_stats
Zone_5_Ariyamangalam,Low,51.7,Arterial,Good,Clear,Two-Wheeler,9,synthetic_trichyguard_not_real_stats
Zone_4_Rockfort,High,25.0,Local,Poor,Rainy,Two-Wheeler,3,synthetic_trichyguard_not_real_stats
Zone_3_ThillaiNagar,High,19.7,Highway,Good,Rainy,Two-Wheeler,3,synthetic_trichyguard_not_real_stats
Zone_4_Rockfort,High,23.7,Local,Poor,Clear,Two-Wheeler,22,synthetic_trichyguard_not_real_stats
Zone_3_ThillaiNagar,High,30.9,Local,Poor,Clear,Car,23,synthetic_trichyguard_not_real_stats
Zone_4_Rockfort,High,20.7,Highway,Poor,Clear,Two-Wheeler,23,synthetic_trichyguard_not_real_stats
Zone_5_Ariyamangalam,Medium,48.4,Local,Poor,Clear,Two-Wheeler,1,synthetic_trichyguard_not_real_stats
Zone_3_ThillaiNagar,Medium,30.9,Arterial,Poor,Clear,Auto-Rickshaw,14,synthetic_trichyguard_not_real_stats
Zone_4_Rockfort,Medium,13.3,Local,Good,Clear,Truck,7,synthetic_trichyguard_not_real_stats
Zone_1_Srirangam,Low,29.0,Arterial,Good,Clear,Two-Wheeler,7,synthetic_trichyguard_not_real_stats
Zone_2_Cantonment,High,44.8,Arterial,Good,Clear,Auto-Rickshaw,18,synthetic_trichyguard_not_real_stats
Zone_3_ThillaiNagar,Medium,27.3,Local,Good,Clear,Car,13,synthetic_trichyguard_not_real_stats
Zone_5_Ariyamangalam,Low,44.5,Arterial,Good,Foggy,Two-Wheeler,3,synthetic_trichyguard_not_real_stats
Zone_4_Rockfort,Low,36.3,Arterial,Good,Clear,Car,23,synthetic_trichyguard_not_real_stats
Zone_4_Rockfort,Low,24.4,Local,Fair,Foggy,Two-Wheeler,6,synthetic_trichyguard_not_real_stats
Zone_3_ThillaiNagar,Medium,20.9,Arterial,Good,Clear,Two-Wheeler,22,synthetic_trichyguard_not_real_stats
Zone_2_Cantonment,High,36.3,Local,Good,Clear,Auto-Rickshaw,3,synthetic_trichyguard_not_real_stats
Zone_2_Cantonment,Medium,35.4,Highway,Fair,Clear,Car,5,synthetic_trichyguard_not_real_stats
Zone_5_Ariyamangalam,Medium,45.9,Highway,Good,Rainy,Two-Wheeler,15,synthetic_trichyguard_not_real_stats
Zone_3_ThillaiNagar,Medium,24.6,Arterial,Poor,Clear,Two-Wheeler,9,synthetic_trichyguard_not_real_stats
Zone_5_Ariyamangalam,Medium,42.9,Local,Fair,Clear,Car,10,synthetic_trichyguard_not_real_stats
Zone_3_ThillaiNagar,High,55.0,Arterial,Good,Rainy,Auto-Rickshaw,5,synthetic_trichyguard_not_real_stats
Zone_2_Cantonment,Medium,30.2,Arterial,Fair,Foggy,Car,15,synthetic_trichyguard_not_real_stats
Zone_5_Ariyamangalam,Low,51.0,Highway,Fair,Clear,Truck,16,synthetic_trichyguard_not_real_stats
Zone_3_ThillaiNagar,High,20.4,Local,Good,Rainy,Two-Wheeler,14,synthetic_trichyguard_not_real_stats
Zone_5_Ariyamangalam,Medium,78.9,Highway,Fair,Foggy,Truck,6,synthetic_trichyguard_not_real_stats
Zone_1_Srirangam,Medium,38.8,Arterial,Poor,Clear,Two-Wheeler,14,synthetic_trichyguard_not_real_stats
Zone_5_Ariyamangalam,High,50.6,Highway,Good,Clear,Truck,7,synthetic_trichyguard_not_real_stats
Zone_3_ThillaiNagar,High,29.8,Arterial,Fair,Clear,Two-Wheeler,11,synthetic_trichyguard_not_real_stats
Zone_1_Srirangam,Low,25.9,Local,Good,Clear,Two-Wheeler,5,synthetic_trichyguard_not_real_stats
Zone_2_Cantonment,High,31.0,Highway,Good,Clear,Two-Wheeler,22,synthetic_trichyguard_not_real_stats
Zone_1_Srirangam,Low,47.9,Arterial,Fair,Foggy,Auto-Rickshaw,22,synthetic_trichyguard_not_real_stats
Zone_2_Cantonment,High,32.3,Highway,Good,Clear,Two-Wheeler,6,synthetic_trichyguard_not_real_stats
Zone_4_Rockfort,High,26.7,Highway,Poor,Clear,Car,17,synthetic_trichyguard_not_real_stats
Zone_5_Ariyamangalam,High,49.0,Local,Good,Clear,Bus,2,synthetic_trichyguard_not_real_stats
Zone_4_Rockfort,High,33.4,Arterial,Fair,Rainy,Two-Wheeler,9,synthetic_trichyguard_not_real_stats
Zone_5_Ariyamangalam,Medium,36.5,Highway,Good,Clear,Two-Wheeler,22,synthetic_trichyguard_not_real_stats
Zone_2_Cantonment,Medium,28.5,Arterial,Good,Foggy,Car,6,synthetic_trichyguard_not_real_stats
Zone_2_Cantonment,High,22.3,Local,Good,Clear,Two-Wheeler,18,synthetic_trichyguard_not_real_stats
Zone_2_Cantonment,Medium,38.6,Highway,Good,Rainy,Truck,12,synthetic_trichyguard_not_real_stats
Zone_5_Ariyamangalam,Medium,41.2,Local,Fair,Clear,Car,18,synthetic_trichyguard_not_real_stats
Zone_1_Srirangam,Medium,37.3,Arterial,Good,Clear,Bus,6,synthetic_trichyguard_not_real_stats
Zone_3_ThillaiNagar,Medium,33.1,Arterial,Poor,Clear,Two-Wheeler,22,synthetic_trichyguard_not_real_stats
Zone_3_ThillaiNagar,Medium,23.4,Arterial,Poor,Clear,Two-Wheeler,22,synthetic_trichyguard_not_real_stats
Zone_1_Srirangam,Low,55.2,Local,Fair,Rainy,Two-Wheeler,3,synthetic_trichyguard_not_real_stats
Zone_2_Cantonment,High,46.8,Highway,Good,Clear,Car,23,synthetic_trichyguard_not_real_stats
Zone_4_Rockfort,Medium,11.8,Arterial,Good,Clear,Auto-Rickshaw,17,synthetic_trichyguard_not_real_stats
Zone_4_Rockfort,High,42.7,Local,Poor,Clear,Two-Wheeler,18,synthetic_trichyguard_not_real_stats
Zone_1_Srirangam,Low,36.9,Local,Fair,Clear,Two-Wheeler,22,synthetic_trichyguard_not_real_stats
Zone_1_Srirangam,Low,39.6,Local,Good,Rainy,Two-Wheeler,10,synthetic_trichyguard_not_real_stats
Zone_5_Ariyamangalam,Medium,46.8,Highway,Good,Clear,Bus,2,synthetic_trichyguard_not_real_stats
Zone_5_Ariyamangalam,Low,39.4,Local,Good,Clear,Two-Wheeler,16,synthetic_trichyguard_not_real_stats
Zone_4_Rockfort,High,22.8,Local,Fair,Clear,Car,17,synthetic_trichyguard_not_real_stats
Zone_2_Cantonment,High,36.7,Arterial,Fair,Rainy,Car,16,synthetic_trichyguard_not_real_stats
Zone_2_Cantonment,High,39.6,Arterial,Fair,Rainy,Car,18,synthetic_trichyguard_not_real_stats
Zone_4_Rockfort,Low,36.1,Local,Good,Clear,Two-Wheeler,21,synthetic_trichyguard_not_real_stats
Zone_4_Rockfort,High,39.4,Highway,Fair,Clear,Car,22,synthetic_trichyguard_not_real_stats
Zone_5_Ariyamangalam,High,53.9,Highway,Good,Clear,Auto-Rickshaw,16,synthetic_trichyguard_not_real_stats
Zone_4_Rockfort,Low,28.4,Arterial,Fair,Clear,Auto-Rickshaw,2,synthetic_trichyguard_not_real_stats
Zone_5_Ariyamangalam,Medium,49.5,Arterial,Poor,Clear,Bus,1,synthetic_trichyguard_not_real_stats
Zone_4_Rockfort,High,35.0,Local,Fair,Clear,Auto-Rickshaw,22,synthetic_trichyguard_not_real_stats
Zone_2_Cantonment,High,33.1,Arterial,Poor,Clear,Two-Wheeler,21,synthetic_trichyguard_not_real_stats
Zone_1_Srirangam,Medium,15.4,Local,Fair,Clear,Car,10,synthetic_trichyguard_not_real_stats
Zone_1_Srirangam,Low,30.5,Arterial,Good,Clear,Auto-Rickshaw,8,synthetic_trichyguard_not_real_stats
Zone_2_Cantonment,High,57.1,Arterial,Fair,Rainy,Two-Wheeler,13,synthetic_trichyguard_not_real_stats
Zone_2_Cantonment,High,24.3,Highway,Fair,Clear,Car,12,synthetic_trichyguard_not_real_stats
Zone_2_Cantonment,Low,51.2,Arterial,Good,Clear,Two-Wheeler,14,synthetic_trichyguard_not_real_stats
Zone_1_Srirangam,Low,31.3,Arterial,Fair,Clear,Car,20,synthetic_trichyguard_not_real_stats
Zone_5_Ariyamangalam,Low,80.0,Local,Good,Clear,Two-Wheeler,20,synthetic_trichyguard_not_real_stats
Zone_3_ThillaiNagar,Low,41.8,Arterial,Good,Rainy,Two-Wheeler,0,synthetic_trichyguard_not_real_stats
Zone_5_Ariyamangalam,High,65.8,Local,Poor,Clear,Truck,13,synthetic_trichyguard_not_real_stats
Zone_2_Cantonment,Low,35.1,Local,Fair,Clear,Two-Wheeler,12,synthetic_trichyguard_not_real_stats
Zone_1_Srirangam,Medium,34.5,Arterial,Poor,Rainy,Car,20,synthetic_trichyguard_not_real_stats
Zone_2_Cantonment,High,40.1,Arterial,Good,Clear,Two-Wheeler,2,synthetic_trichyguard_not_real_stats
Zone_3_ThillaiNagar,High,28.4,Arterial,Poor,Clear,Truck,2,synthetic_trichyguard_not_real_stats
Zone_1_Srirangam,Low,24.3,Arterial,Poor,Clear,Car,10,synthetic_trichyguard_not_real_stats
Zone_3_ThillaiNagar,High,32.2,Local,Good,Rainy,Car,2,synthetic_trichyguard_not_real_stats
Zone_4_Rockfort,Low,31.0,Local,Good,Clear,Two-Wheeler,17,synthetic_trichyguard_not_real_stats
Zone_5_Ariyamangalam,High,37.2,Local,Poor,Clear,Bus,13,synthetic_trichyguard_not_real_stats
Zone_1_Srirangam,Medium,27.9,Local,Fair,Rainy,Two-Wheeler,5,synthetic_trichyguard_not_real_stats
Zone_5_Ariyamangalam,Medium,59.0,Arterial,Fair,Clear,Truck,12,synthetic_trichyguard_not_real_stats
Zone_2_Cantonment,High,28.8,Arterial,Poor,Rainy,Bus,17,synthetic_trichyguard_not_real_stats
Zone_4_Rockfort,Medium,23.3,Local,Poor,Clear,Two-Wheeler,1,synthetic_trichyguard_not_real_stats
Zone_3_ThillaiNagar,Medium,10.0,Local,Poor,Clear,Auto-Rickshaw,2,synthetic_trichyguard_not_real_stats
Zone_1_Srirangam,Medium,27.3,Arterial,Good,Clear,Car,16,synthetic_trichyguard_not_real_stats
Zone_4_Rockfort,High,26.2,Highway,Fair,Clear,Car,18,synthetic_trichyguard_not_real_stats
Zone_1_Srirangam,Low,40.0,Local,Fair,Rainy,Truck,4,synthetic_trichyguard_not_real_stats
Zone_1_Srirangam,High,41.9,Arterial,Fair,Clear,Two-Wheeler,9,synthetic_trichyguard_not_real_stats
Zone_4_Rockfort,High,30.5,Local,Good,Clear,Auto-Rickshaw,23,synthetic_trichyguard_not_real_stats
Zone_4_Rockfort,Medium,31.2,Arterial,Poor,Rainy,Auto-Rickshaw,5,synthetic_trichyguard_not_real_stats
Zone_5_Ariyamangalam,Low,43.3,Highway,Poor,Clear,Truck,7,synthetic_trichyguard_not_real_stats
Zone_5_Ariyamangalam,Low,39.0,Highway,Poor,Clear,Car,8,synthetic_trichyguard_not_real_stats
Zone_2_Cantonment,High,39.0,Arterial,Good,Rainy,Two-Wheeler,3,synthetic_trichyguard_not_real_stats
Zone_4_Rockfort,Medium,30.0,Highway,Fair,Clear,Car,14,synthetic_trichyguard_not_real_stats
Zone_3_ThillaiNagar,Medium,31.7,Local,Good,Clear,Truck,9,synthetic_trichyguard_not_real_stats
Zone_3_ThillaiNagar,High,30.5,Highway,Good,Rainy,Two-Wheeler,20,synthetic_trichyguard_not_real_stats
Zone_2_Cantonment,High,33.2,Arterial,Poor,Rainy,Car,9,synthetic_trichyguard_not_real_stats
Zone_3_ThillaiNagar,High,37.1,Arterial,Good,Clear,Two-Wheeler,23,synthetic_trichyguard_not_real_stats
Zone_2_Cantonment,High,49.8,Highway,Good,Clear,Car,8,synthetic_trichyguard_not_real_stats
Zone_5_Ariyamangalam,High,49.3,Highway,Good,Clear,Bus,1,synthetic_trichyguard_not_real_stats
Zone_3_ThillaiNagar,High,28.0,Local,Good,Clear,Car,11,synthetic_trichyguard_not_real_stats
Zone_1_Srirangam,Medium,22.7,Arterial,Fair,Rainy,Two-Wheeler,23,synthetic_trichyguard_not_real_stats
Zone_3_ThillaiNagar,High,35.5,Arterial,Poor,Clear,Car,9,synthetic_trichyguard_not_real_stats
Zone_3_ThillaiNagar,Low,53.7,Local,Poor,Clear,Two-Wheeler,17,synthetic_trichyguard_not_real_stats
Zone_2_Cantonment,High,56.3,Arterial,Good,Rainy,Car,4,synthetic_trichyguard_not_real_stats
Zone_5_Ariyamangalam,Low,47.7,Highway,Good,Clear,Two-Wheeler,20,synthetic_trichyguard_not_real_stats
Zone_3_ThillaiNagar,Medium,35.4,Arterial,Poor,Clear,Car,14,synthetic_trichyguard_not_real_stats
Zone_5_Ariyamangalam,Medium,40.6,Highway,Good,Rainy,Bus,6,synthetic_trichyguard_not_real_stats
Zone_3_ThillaiNagar,High,23.1,Arterial,Good,Clear,Two-Wheeler,23,synthetic_trichyguard_not_real_stats
Zone_2_Cantonment,Medium,44.9,Local,Good,Clear,Two-Wheeler,5,synthetic_trichyguard_not_real_stats
Zone_5_Ariyamangalam,Low,44.6,Highway,Fair,Clear,Car,23,synthetic_trichyguard_not_real_stats
Zone_2_Cantonment,High,47.5,Arterial,Good,Clear,Car,21,synthetic_trichyguard_not_real_stats
Zone_5_Ariyamangalam,High,60.2,Arterial,Fair,Clear,Truck,14,synthetic_trichyguard_not_real_stats
Zone_2_Cantonment,High,56.1,Arterial,Good,Rainy,Two-Wheeler,22,synthetic_trichyguard_not_real_stats
Zone_3_ThillaiNagar,Medium,33.4,Local,Poor,Clear,Car,17,synthetic_trichyguard_not_real_stats
Zone_4_Rockfort,Medium,22.9,Local,Poor,Clear,Two-Wheeler,13,synthetic_trichyguard_not_real_stats
Zone_2_Cantonment,Medium,40.1,Highway,Fair,Clear,Bus,6,synthetic_trichyguard_not_real_stats
Zone_3_ThillaiNagar,Medium,17.4,Arterial,Fair,Clear,Car,16,synthetic_trichyguard_not_real_stats
Zone_5_Ariyamangalam,High,31.3,Highway,Fair,Rainy,Two-Wheeler,1,synthetic_trichyguard_not_real_stats
Zone_2_Cantonment,High,26.2,Highway,Good,Foggy,Auto-Rickshaw,19,synthetic_trichyguard_not_real_stats
Zone_1_Srirangam,Low,37.5,Local,Good,Clear,Two-Wheeler,23,synthetic_trichyguard_not_real_stats
Zone_4_Rockfort,Medium,29.1,Local,Fair,Clear,Bus,16,synthetic_trichyguard_not_real_stats
Zone_3_ThillaiNagar,High,26.2,Local,Poor,Clear,Two-Wheeler,20,synthetic_trichyguard_not_real_stats
Zone_1_Srirangam,Low,27.5,Local,Good,Clear,Two-Wheeler,17,synthetic_trichyguard_not_real_stats
Zone_2_Cantonment,High,48.1,Local,Good,Clear,Car,7,synthetic_trichyguard_not_real_stats
Zone_4_Rockfort,Low,17.9,Local,Good,Clear,Auto-Rickshaw,19,synthetic_trichyguard_not_real_stats
Zone_3_ThillaiNagar,Medium,36.8,Arterial,Good,Rainy,Car,17,synthetic_trichyguard_not_real_stats
Zone_3_ThillaiNagar,High,30.8,Arterial,Good,Rainy,Two-Wheeler,12,synthetic_trichyguard_not_real_stats
Zone_2_Cantonment,Medium,35.8,Arterial,Fair,Clear,Car,19,synthetic_trichyguard_not_real_stats
Zone_5_Ariyamangalam,Medium,54.5,Arterial,Good,Clear,Car,17,synthetic_trichyguard_not_real_stats
Zone_5_Ariyamangalam,Medium,70.8,Highway,Good,Clear,Car,2,synthetic_trichyguard_not_real_stats
Zone_1_Srirangam,Low,22.9,Arterial,Good,Clear,Truck,14,synthetic_trichyguard_not_real_stats
Zone_4_Rockfort,High,26.8,Local,Poor,Rainy,Two-Wheeler,20,synthetic_trichyguard_not_real_stats
Zone_3_ThillaiNagar,Low,28.5,Local,Good,Foggy,Car,1,synthetic_trichyguard_not_real_stats
Zone_2_Cantonment,High,36.7,Local,Fair,Clear,Auto-Rickshaw,19,synthetic_trichyguard_not_real_stats
Zone_4_Rockfort,High,25.5,Arterial,Fair,Rainy,Two-Wheeler,6,synthetic_trichyguard_not_real_stats
Zone_1_Srirangam,Low,23.6,Local,Fair,Clear,Two-Wheeler,16,synthetic_trichyguard_not_real_stats
Zone_3_ThillaiNagar,High,23.7,Arterial,Good,Clear,Car,1,synthetic_trichyguard_not_real_stats
Zone_1_Srirangam,Medium,49.8,Highway,Good,Clear,Two-Wheeler,11,synthetic_trichyguard_not_real_stats
Zone_5_Ariyamangalam,Low,69.3,Arterial,Good,Clear,Two-Wheeler,19,synthetic_trichyguard_not_real_stats
Zone_2_Cantonment,High,40.4,Arterial,Fair,Clear,Truck,8,synthetic_trichyguard_not_real_stats
Zone_5_Ariyamangalam,Low,65.1,Highway,Fair,Rainy,Truck,21,synthetic_trichyguard_not_real_stats
Zone_1_Srirangam,Medium,28.7,Arterial,Good,Clear,Car,12,synthetic_trichyguard_not_real_stats
Zone_4_Rockfort,Medium,32.6,Local,Poor,Clear,Two-Wheeler,4,synthetic_trichyguard_not_real_stats
Zone_5_Ariyamangalam,Low,67.6,Arterial,Fair,Clear,Two-Wheeler,3,synthetic_trichyguard_not_real_stats
Zone_5_Ariyamangalam,High,41.2,Highway,Poor,Clear,Car,2,synthetic_trichyguard_not_real_stats
Zone_4_Rockfort,Medium,20.6,Highway,Poor,Clear,Bus,3,synthetic_trichyguard_not_real_stats
Zone_1_Srirangam,Medium,35.0,Arterial,Fair,Clear,Two-Wheeler,17,synthetic_trichyguard_not_real_stats
Zone_1_Srirangam,Medium,29.7,Arterial,Good,Clear,Two-Wheeler,21,synthetic_trichyguard_not_real_stats
Zone_3_ThillaiNagar,Medium,31.5,Arterial,Poor,Rainy,Auto-Rickshaw,4,synthetic_trichyguard_not_real_stats
Zone_4_Rockfort,High,32.1,Local,Fair,Clear,Auto-Rickshaw,12,synthetic_trichyguard_not_real_stats
Zone_1_Srirangam,Medium,30.9,Arterial,Fair,Clear,Two-Wheeler,15,synthetic_trichyguard_not_real_stats
Zone_4_Rockfort,Low,20.1,Arterial,Poor,Clear,Two-Wheeler,5,synthetic_trichyguard_not_real_stats
Zone_2_Cantonment,Medium,25.6,Local,Fair,Rainy,Two-Wheeler,1,synthetic_trichyguard_not_real_stats
Zone_3_ThillaiNagar,High,37.6,Local,Good,Clear,Two-Wheeler,20,synthetic_trichyguard_not_real_stats
Zone_4_Rockfort,Medium,26.9,Highway,Fair,Rainy,Two-Wheeler,10,synthetic_trichyguard_not_real_stats
Zone_5_Ariyamangalam,Low,80.0,Arterial,Fair,Clear,Two-Wheeler,10,synthetic_trichyguard_not_real_stats
Zone_2_Cantonment,Medium,43.4,Arterial,Good,Rainy,Two-Wheeler,0,synthetic_trichyguard_not_real_stats
Zone_1_Srirangam,Medium,26.5,Local,Good,Clear,Two-Wheeler,19,synthetic_trichyguard_not_real_stats
Zone_3_ThillaiNagar,Low,26.7,Arterial,Fair,Rainy,Two-Wheeler,13,synthetic_trichyguard_not_real_stats
Zone_1_Srirangam,Medium,20.9,Highway,Good,Clear,Car,8,synthetic_trichyguard_not_real_stats
Zone_4_Rockfort,High,24.6,Local,Good,Clear,Car,1,synthetic_trichyguard_not_real_stats
Zone_5_Ariyamangalam,Low,47.3,Highway,Good,Clear,Truck,8,synthetic_trichyguard_not_real_stats
Zone_4_Rockfort,Medium,19.5,Local,Fair,Clear,Auto-Rickshaw,22,synthetic_trichyguard_not_real_stats
Zone_4_Rockfort,Medium,19.4,Arterial,Good,Clear,Two-Wheeler,4,synthetic_trichyguard_not_real_stats
Zone_3_ThillaiNagar,Medium,45.2,Highway,Fair,Clear,Car,1,synthetic_trichyguard_not_real_stats
Zone_5_Ariyamangalam,Medium,48.6,Arterial,Good,Clear,Two-Wheeler,12,synthetic_trichyguard_not_real_stats
Zone_5_Ariyamangalam,Medium,51.3,Highway,Good,Clear,Truck,18,synthetic_trichyguard_not_real_stats
Zone_2_Cantonment,Medium,42.0,Arterial,Good,Clear,Car,22,synthetic_trichyguard_not_real_stats
Zone_1_Srirangam,Medium,32.6,Arterial,Fair,Clear,Two-Wheeler,22,synthetic_trichyguard_not_real_stats
Zone_2_Cantonment,Medium,30.4,Highway,Fair,Clear,Car,4,synthetic_trichyguard_not_real_stats
Zone_5_Ariyamangalam,High,39.3,Highway,Poor,Clear,Bus,22,synthetic_trichyguard_not_real_stats
Zone_4_Rockfort,High,32.9,Local,Poor,Clear,Two-Wheeler,12,synthetic_trichyguard_not_real_stats
Zone_2_Cantonment,Medium,27.7,Arterial,Good,Clear,Truck,18,synthetic_trichyguard_not_real_stats
Zone_1_Srirangam,High,41.0,Local,Good,Clear,Two-Wheeler,20,synthetic_trichyguard_not_real_stats
Zone_4_Rockfort,Medium,25.4,Local,Good,Clear,Auto-Rickshaw,21,synthetic_trichyguard_not_real_stats
Zone_5_Ariyamangalam,Low,35.3,Highway,Fair,Clear,Car,13,synthetic_trichyguard_not_real_stats
Zone_5_Ariyamangalam,Medium,46.0,Arterial,Poor,Clear,Car,7,synthetic_trichyguard_not_real_stats
Zone_3_ThillaiNagar,Medium,31.5,Arterial,Fair,Clear,Car,10,synthetic_trichyguard_not_real_stats
Zone_5_Ariyamangalam,Medium,71.0,Highway,Fair,Clear,Bus,17,synthetic_trichyguard_not_real_stats
Zone_1_Srirangam,Low,33.9,Highway,Good,Foggy,Truck,9,synthetic_trichyguard_not_real_stats
Zone_1_Srirangam,Low,44.8,Local,Good,Foggy,Car,8,synthetic_trichyguard_not_real_stats
Zone_2_Cantonment,High,35.7,Arterial,Poor,Clear,Car,13,synthetic_trichyguard_not_real_stats
Zone_1_Srirangam,Low,38.3,Arterial,Poor,Clear,Two-Wheeler,13,synthetic_trichyguard_not_real_stats
Zone_4_Rockfort,Low,21.8,Highway,Poor,Clear,Truck,20,synthetic_trichyguard_not_real_stats
Zone_4_Rockfort,Low,29.3,Arterial,Good,Clear,Two-Wheeler,9,synthetic_trichyguard_not_real_stats
Zone_3_ThillaiNagar,Low,35.7,Arterial,Good,Clear,Auto-Rickshaw,23,synthetic_trichyguard_not_real_stats
Zone_4_Rockfort,High,27.7,Local,Good,Clear,Car,21,synthetic_trichyguard_not_real_stats
Zone_2_Cantonment,Medium,22.8,Arterial,Poor,Rainy,Two-Wheeler,21,synthetic_trichyguard_not_real_stats
Zone_2_Cantonment,High,31.8,Local,Fair,Clear,Two-Wheeler,12,synthetic_trichyguard_not_real_stats
Zone_1_Srirangam,Low,25.3,Arterial,Poor,Clear,Car,13,synthetic_trichyguard_not_real_stats
Zone_5_Ariyamangalam,High,26.3,Highway,Fair,Clear,Bus,18,synthetic_trichyguard_not_real_stats
Zone_4_Rockfort,High,21.2,Local,Fair,Clear,Car,3,synthetic_trichyguard_not_real_stats
Zone_2_Cantonment,Medium,44.8,Arterial,Good,Clear,Two-Wheeler,5,synthetic_trichyguard_not_real_stats
Zone_4_Rockfort,High,14.1,Arterial,Fair,Clear,Auto-Rickshaw,19,synthetic_trichyguard_not_real_stats
Zone_4_Rockfort,High,20.9,Local,Fair,Clear,Auto-Rickshaw,21,synthetic_trichyguard_not_real_stats
Zone_1_Srirangam,Low,25.0,Arterial,Good,Clear,Two-Wheeler,19,synthetic_trichyguard_not_real_stats
Zone_1_Srirangam,Low,35.3,Local,Fair,Clear,Two-Wheeler,22,synthetic_trichyguard_not_real_stats
Zone_2_Cantonment,Medium,22.4,Arterial,Good,Foggy,Car,14,synthetic_trichyguard_not_real_stats
Zone_5_Ariyamangalam,Low,75.4,Arterial,Poor,Clear,Two-Wheeler,15,synthetic_trichyguard_not_real_stats
Zone_1_Srirangam,Low,26.6,Local,Good,Clear,Two-Wheeler,15,synthetic_trichyguard_not_real_stats
Zone_2_Cantonment,High,33.1,Local,Poor,Rainy,Car,14,synthetic_trichyguard_not_real_stats
Zone_3_ThillaiNagar,Low,31.8,Arterial,Fair,Clear,Car,23,synthetic_trichyguard_not_real_stats
Zone_1_Srirangam,Low,35.1,Arterial,Fair,Clear,Two-Wheeler,12,synthetic_trichyguard_not_real_stats
Zone_1_Srirangam,Medium,43.7,Local,Fair,Clear,Car,9,synthetic_trichyguard_not_real_stats
Zone_2_Cantonment,High,36.2,Arterial,Good,Clear,Auto-Rickshaw,17,synthetic_trichyguard_not_real_stats
Zone_2_Cantonment,Medium,54.1,Highway,Fair,Clear,Car,2,synthetic_trichyguard_not_real_stats
Zone_4_Rockfort,Medium,27.3,Local,Poor,Clear,Bus,20,synthetic_trichyguard_not_real_stats
Zone_2_Cantonment,Medium,34.4,Arterial,Fair,Clear,Car,20,synthetic_trichyguard_not_real_stats
Zone_1_Srirangam,High,36.9,Local,Good,Clear,Two-Wheeler,18,synthetic_trichyguard_not_real_stats
Zone_2_Cantonment,Medium,34.6,Local,Good,Clear,Two-Wheeler,4,synthetic_trichyguard_not_real_stats
Zone_3_ThillaiNagar,Low,34.4,Arterial,Good,Rainy,Car,14,synthetic_trichyguard_not_real_stats
Zone_1_Srirangam,Medium,35.9,Arterial,Fair,Clear,Two-Wheeler,16,synthetic_trichyguard_not_real_stats
Zone_3_ThillaiNagar,Medium,20.8,Arterial,Good,Foggy,Two-Wheeler,19,synthetic_trichyguard_not_real_stats
Zone_5_Ariyamangalam,High,53.4,Highway,Poor,Rainy,Truck,1,synthetic_trichyguard_not_real_stats
Zone_4_Rockfort,High,28.4,Local,Fair,Clear,Auto-Rickshaw,4,synthetic_trichyguard_not_real_stats
Zone_2_Cantonment,Medium,30.2,Local,Fair,Rainy,Car,19,synthetic_trichyguard_not_real_stats
Zone_3_ThillaiNagar,Low,42.1,Arterial,Poor,Clear,Car,14,synthetic_trichyguard_not_real_stats
Zone_2_Cantonment,High,30.5,Highway,Fair,Clear,Two-Wheeler,22,synthetic_trichyguard_not_real_stats
Zone_5_Ariyamangalam,Medium,52.3,Highway,Fair,Rainy,Car,18,synthetic_trichyguard_not_real_stats
Zone_1_Srirangam,Low,22.4,Local,Fair,Clear,Car,23,synthetic_trichyguard_not_real_stats
Zone_1_Srirangam,Low,28.9,Local,Fair,Clear,Car,17,synthetic_trichyguard_not_real_stats
Zone_5_Ariyamangalam,Medium,71.2,Arterial,Fair,Clear,Car,10,synthetic_trichyguard_not_real_stats
Zone_4_Rockfort,Low,20.5,Arterial,Poor,Rainy,Two-Wheeler,6,synthetic_trichyguard_not_real_stats
Zone_2_Cantonment,Medium,21.4,Arterial,Fair,Clear,Car,18,synthetic_trichyguard_not_real_stats
Zone_3_ThillaiNagar,High,35.0,Local,Fair,Rainy,Two-Wheeler,20,synthetic_trichyguard_not_real_stats
Zone_4_Rockfort,Medium,19.6,Local,Fair,Clear,Auto-Rickshaw,7,synthetic_trichyguard_not_real_stats
Zone_1_Srirangam,Medium,38.8,Local,Poor,Clear,Two-Wheeler,7,synthetic_trichyguard_not_real_stats
Zone_3_ThillaiNagar,High,26.8,Arterial,Good,Clear,Car,19,synthetic_trichyguard_not_real_stats
Zone_5_Ariyamangalam,Medium,61.2,Highway,Fair,Clear,Two-Wheeler,0,synthetic_trichyguard_not_real_stats
Zone_4_Rockfort,High,21.0,Arterial,Fair,Clear,Two-Wheeler,1,synthetic_trichyguard_not_real_stats
Zone_2_Cantonment,Low,42.5,Highway,Good,Clear,Car,7,synthetic_trichyguard_not_real_stats
Zone_3_ThillaiNagar,High,33.5,Arterial,Good,Clear,Auto-Rickshaw,18,synthetic_trichyguard_not_real_stats
Zone_3_ThillaiNagar,Medium,49.4,Arterial,Fair,Clear,Car,2,synthetic_trichyguard_not_real_stats
Zone_1_Srirangam,Medium,35.7,Arterial,Fair,Clear,Car,17,synthetic_trichyguard_not_real_stats
Zone_5_Ariyamangalam,Medium,41.9,Arterial,Good,Clear,Bus,5,synthetic_trichyguard_not_real_stats
Zone_1_Srirangam,Medium,29.6,Arterial,Poor,Clear,Two-Wheeler,10,synthetic_trichyguard_not_real_stats
Zone_2_Cantonment,Low,32.7,Highway,Fair,Clear,Car,5,synthetic_trichyguard_not_real_stats
Zone_4_Rockfort,Low,22.7,Arterial,Fair,Rainy,Bus,18,synthetic_trichyguard_not_real_stats
Zone_5_Ariyamangalam,High,48.3,Highway,Good,Rainy,Car,23,synthetic_trichyguard_not_real_stats
Zone_4_Rockfort,Medium,32.1,Arterial,Fair,Clear,Auto-Rickshaw,10,synthetic_trichyguard_not_real_stats
Zone_2_Cantonment,Medium,39.9,Highway,Poor,Clear,Car,23,synthetic_trichyguard_not_real_stats
Zone_3_ThillaiNagar,High,45.1,Arterial,Good,Foggy,Car,6,synthetic_trichyguard_not_real_stats
Zone_5_Ariyamangalam,Low,47.1,Arterial,Poor,Rainy,Bus,8,synthetic_trichyguard_not_real_stats
Zone_5_Ariyamangalam,Medium,50.8,Highway,Good,Clear,Auto-Rickshaw,1,synthetic_trichyguard_not_real_stats
Zone_5_Ariyamangalam,Medium,47.1,Highway,Fair,Clear,Car,7,synthetic_trichyguard_not_real_stats
Zone_5_Ariyamangalam,Low,51.5,Arterial,Fair,Clear,Bus,1,synthetic_trichyguard_not_real_stats
Zone_5_Ariyamangalam,Medium,53.3,Highway,Good,Clear,Two-Wheeler,6,synthetic_trichyguard_not_real_stats
Zone_5_Ariyamangalam,High,66.6,Local,Fair,Clear,Two-Wheeler,15,synthetic_trichyguard_not_real_stats
Zone_1_Srirangam,Low,42.5,Local,Poor,Clear,Two-Wheeler,18,synthetic_trichyguard_not_real_stats
Zone_3_ThillaiNagar,Medium,11.6,Highway,Fair,Clear,Two-Wheeler,4,synthetic_trichyguard_not_real_stats
Zone_1_Srirangam,Medium,21.6,Local,Fair,Clear,Two-Wheeler,7,synthetic_trichyguard_not_real_stats
Zone_3_ThillaiNagar,Medium,23.0,Arterial,Good,Clear,Car,9,synthetic_trichyguard_not_real_stats
Zone_4_Rockfort,Low,32.6,Arterial,Poor,Clear,Auto-Rickshaw,22,synthetic_trichyguard_not_real_stats
Zone_3_ThillaiNagar,High,31.9,Local,Fair,Clear,Car,5,synthetic_trichyguard_not_real_stats
Zone_1_Srirangam,Low,17.9,Arterial,Good,Clear,Car,16,synthetic_trichyguard_not_real_stats
Zone_2_Cantonment,High,36.0,Arterial,Poor,Clear,Bus,10,synthetic_trichyguard_not_real_stats
